횡단보도관리번호,소재지도로명주소,위도,경도,차로수,횡단거리_m,보행신호,주기_s,주기출처,기대대기_s,출처
수원-0204,,37.27169997,127.0172007,6.0,17.7,True,150.0,근접,52.3,횡단보도행
수원-0203,,37.27261068,127.0163327,7.0,16.5,True,150.0,근접,53.3,횡단보도행
수원-0202,,37.27261068,127.0163327,5.0,19.5,True,150.0,근접,50.8,횡단보도행
수원-0201,,37.27483202,127.0166282,5.0,15.2,True,150.0,영통 차로수별 중앙값,54.4,횡단보도행
수원-0200,,37.27517931,127.0164107,1.0,7.2,False,140.0,동일노선 확장,0.0,횡단보도행
수원-0199,,37.27656353,127.0163108,1.0,5.4,False,140.0,근접,0.0,횡단보도행
수원-0230,경기도 수원시 권선구 정조로 442-1,37.2488521,127.013021,4.0,12.9,True,120.0,근접,41.8,횡단보도행
수원-0229,,37.2504368,127.0124514,4.0,14.1,True,117.5,근접,39.5,횡단보도행
수원-0228,경기도 수원시 권선구 정조로 477,37.25174806,127.011435,4.0,13.6,True,117.5,동일노선 확장,40.0,횡단보도행
수원-0227,경기도 수원시 권선구 덕영대로 1090,37.25371101,127.0109262,5.0,15.3,True,150.0,영통 차로수별 중앙값,54.4,횡단보도행
수원-0226,경기도 수원시 권선구 정조로 504-1,37.25421806,127.0114755,5.0,13.6,True,180.0,동일노선 확장,70.6,횡단보도행
수원-0225,경기도 수원시 권선구 정조로 513,37.2549825,127.0110533,4.0,14.2,True,180.0,근접,70.0,횡단보도행
수원-0224,경기도 수원시 권선구 정조로 523,37.25596495,127.0110357,4.0,14.3,True,180.0,동일노선 확장,70.0,횡단보도행
수원-0223,,37.25712411,127.0111062,4.0,16.2,True,115.0,동일노선 확장,36.6,횡단보도행
수원-0222,경기도 수원시 권선구 정조로 546,37.25776249,127.0119488,5.0,13.5,True,115.0,근접,38.8,횡단보도행
수원-0221,경기도 수원시 권선구 정조로 553,37.25866386,127.0119429,5.0,14.7,True,115.0,동일노선 확장,37.8,횡단보도행
수원-0220,경기도 수원시 권선구 정조로 558,37.25884637,127.0124831,5.0,14.2,True,115.0,동일노선 확장,38.3,횡단보도행
수원-0219,경기도 수원시 권선구 정조로 567,37.25969672,127.0124158,5.0,14.6,True,150.0,영통 차로수별 중앙값,55.0,횡단보도행
수원-0218,경기도 수원시 권선구 정조로575번길 3,37.26043426,127.0128337,6.0,17.3,True,162.5,영통 차로수별 중앙값,58.8,횡단보도행
수원-0217,경기도 수원시 권선구 정조로 591,37.26167243,127.0136264,4.0,13.6,True,115.0,근접,38.7,횡단보도행
수원-0216,,37.26231258,127.0140086,4.0,18.1,True,180.0,근접,66.7,횡단보도행
수원-0215,,37.26274933,127.0140876,5.0,17.4,True,180.0,근접,67.3,횡단보도행
수원-0214,,37.26388371,127.014843,2.0,18.8,False,180.0,동일노선 확장,0.0,횡단보도행
수원-0213,,37.26388371,127.014843,5.0,22.6,True,180.0,동일노선 확장,62.8,횡단보도행
수원-0212,경기도 수원시 권선구 정조로 622,37.26414908,127.0152909,1.0,4.5,False,180.0,동일노선 확장,0.0,횡단보도행
수원-0211,경기도 수원시 팔달구 정조로 635,37.26536644,127.0154072,5.0,16.3,True,180.0,근접,68.2,횡단보도행
수원-0210,,37.26560201,127.0160214,5.0,18.8,True,180.0,근접,66.0,횡단보도행
수원-0209,,37.26710707,127.0165102,5.0,15.6,True,180.0,근접,68.8,횡단보도행
수원-0208,,37.26788744,127.0167244,5.0,14.0,True,180.0,동일노선 확장,70.2,횡단보도행
수원-0207,,37.26772066,127.017322,1.0,4.5,False,180.0,동일노선 확장,0.0,횡단보도행
수원-0206,경기도 수원시 팔달구 정조로 685,37.26960169,127.0172975,4.0,13.9,True,150.0,근접,55.6,횡단보도행
수원-0205,경기도 수원시 팔달구 정조로 685,37.26960169,127.0172975,4.0,15.9,True,150.0,근접,53.8,횡단보도행
수원-0256,,37.26951827,127.0089813,6.0,20.0,True,150.0,근접,50.4,횡단보도행
수원-0255,,37.26951827,127.0089813,7.0,17.1,True,150.0,근접,52.8,횡단보도행
수원-0254,경기도 수원시 팔달구 매산로 59,37.26921965,127.0076976,1.0,6.1,False,150.0,동일노선 확장,0.0,횡단보도행
수원-0253,경기도 수원시 팔달구 매산로 61-11,37.26962419,127.0074396,1.0,5.7,False,150.0,동일노선 확장,0.0,횡단보도행
수원-0252,,37.26801827,127.0051481,5.0,11.1,True,150.0,동일노선 확장,58.0,횡단보도행
수원-0251,,37.26801827,127.0051481,5.0,12.4,True,150.0,동일노선 확장,56.9,횡단보도행
수원-0250,,37.26801827,127.0051481,5.0,14.3,True,150.0,동일노선 확장,55.2,횡단보도행
수원-0249,,37.26801827,127.0051481,5.0,14.2,True,150.0,동일노선 확장,55.3,횡단보도행
수원-0248,경기도 수원시 팔달구 매산로 13,37.26749656,127.0030436,1.0,4.1,False,150.0,동일노선 확장,0.0,횡단보도행
수원-0247,경기도 수원시 팔달구 매산로 10-1,37.26705384,127.0027984,1.0,3.9,False,150.0,동일노선 확장,0.0,횡단보도행
수원-0246,경기도 수원시 팔달구 매산로 8,37.26692633,127.0024834,1.0,2.8,False,150.0,근접,0.0,횡단보도행
수원-0245,,37.26671179,127.0017279,5.0,15.1,True,150.0,근접,54.5,횡단보도행
수원-0244,경기도 수원시 팔달구 매산로 4,37.26674397,127.0019884,1.0,4.3,False,150.0,근접,0.0,횡단보도행
수원-0243,경기도 수원시 권선구 정조로 221,37.23012906,127.0216187,3.0,15.5,True,120.0,근접,39.6,횡단보도행
수원-0242,,37.2331006,127.0200438,4.0,6.7,True,120.0,근접,47.1,횡단보도행
수원-0241,,37.23325735,127.0200288,4.0,25.4,True,120.0,근접,32.0,횡단보도행
수원-0240,,37.23970552,127.0164715,4.0,17.5,True,150.0,영통 차로수별 중앙값,52.5,횡단보도행
수원-0239,경기도 수원시 권선구 정조로 356-1,37.24155353,127.0158867,4.0,13.2,True,150.0,영통 차로수별 중앙값,56.2,횡단보도행
수원-0238,경기도 수원시 권선구 정조로 374,37.24298348,127.0150883,4.0,14.2,True,120.0,근접,40.7,횡단보도행
수원-0237,경기도 수원시 권선구 정조로388번길 2,37.24402829,127.0148899,4.0,17.3,True,120.0,근접,38.2,횡단보도행
수원-0236,경기도 수원시 권선구 정조로388번길 3,37.24425354,127.0148659,8.0,21.5,True,120.0,근접,34.9,횡단보도행
수원-0235,경기도 수원시 권선구 정조로 398,37.24501864,127.0146017,5.0,15.0,True,120.0,동일노선 확장,40.0,횡단보도행
수원-0234,경기도 수원시 권선구 정조로 409,37.24564356,127.0137994,5.0,15.3,True,120.0,근접,39.8,횡단보도행
수원-0233,,37.24691636,127.0133075,1.0,4.8,False,120.0,동일노선 확장,0.0,횡단보도행
수원-0232,경기도 수원시 권선구 정조로 429,37.24768064,127.0131075,4.0,13.8,True,120.0,근접,41.0,횡단보도행
수원-0231,경기도 수원시 권선구 정조로 431-2,37.24798651,127.012959,1.0,4.7,False,120.0,근접,0.0,횡단보도행
수원-0258,,37.2710183,127.0128599,5.0,14.7,True,150.0,근접,54.9,횡단보도행
수원-0257,경기도 수원시 팔달구 매산로 93,37.27050479,127.0111221,5.0,16.7,True,150.0,근접,53.2,횡단보도행
수원-0791,경기도 수원시 팔달구 동말로 45,37.27881921,126.9990437,2.0,10.5,False,75.0,동일노선 확장,0.0,횡단보도행
수원-0530,경기도 수원시 장안구 만석로 29,37.29618435,126.9853553,6.0,22.6,True,150.0,동일노선 확장,48.3,횡단보도행
수원-0529,경기도 수원시 장안구 만석로19번길 11-3,37.29559109,126.983667,6.0,23.1,True,150.0,근접,47.9,횡단보도행
수원-0528,경기도 수원시 장안구 만석로5번길 6,37.29526306,126.9828569,4.0,15.6,True,150.0,동일노선 확장,54.1,횡단보도행
수원-0527,경기도 수원시 장안구 덕영대로 559,37.2949624,126.9821256,6.0,21.9,True,162.5,영통 차로수별 중앙값,54.9,횡단보도행
수원-0526,경기도 수원시 장안구 경수대로 1127,37.31151742,126.9896295,6.0,12.5,True,180.0,근접,71.6,횡단보도행
수원-0525,경기도 수원시 장안구 이목로 68-1,37.31101846,126.988888,4.0,13.3,True,150.0,영통 차로수별 중앙값,56.1,횡단보도행
수원-0524,경기도 수원시 장안구 이목로 58,37.31039286,126.9880459,6.0,15.3,True,150.0,근접,54.4,횡단보도행
수원-0523,,37.3104285,126.9870331,6.0,15.7,True,162.5,영통 차로수별 중앙값,60.1,횡단보도행
수원-0522,경기도 수원시 장안구 이목로 24-25,37.30958351,126.9864038,6.0,19.6,True,150.0,동일노선 확장,50.8,횡단보도행
수원-0521,,37.31031149,126.9841199,6.0,16.3,True,100.0,근접,29.4,횡단보도행
수원-0520,,37.30942809,126.9852618,3.0,15.5,True,120.0,근접,39.6,횡단보도행
수원-0519,,37.30942809,126.9852618,3.0,17.7,False,120.0,근접,0.0,횡단보도행
수원-0518,,37.30881815,126.9850858,4.0,24.8,True,120.0,근접,32.4,횡단보도행
수원-0517,,37.30881815,126.9850858,5.0,16.0,True,120.0,근접,39.2,횡단보도행
수원-0516,,37.30881815,126.9850858,5.0,19.5,True,120.0,근접,36.4,횡단보도행
수원-0515,,37.30881815,126.9850858,5.0,66.4,False,120.0,근접,0.0,횡단보도행
수원-0514,,37.30881815,126.9850858,3.0,19.6,True,120.0,근접,36.3,횡단보도행
수원-0513,,37.30881815,126.9850858,5.0,15.9,True,120.0,근접,39.3,횡단보도행
수원-0512,,37.30881815,126.9850858,5.0,16.6,True,120.0,근접,38.7,횡단보도행
수원-0511,,37.30881815,126.9850858,5.0,15.7,True,120.0,근접,39.4,횡단보도행
수원-0510,,37.31010369,126.983807,6.0,20.5,True,100.0,근접,26.3,횡단보도행
수원-0509,,37.30970683,126.9816187,5.0,46.5,True,150.0,영통 차로수별 중앙값,31.0,횡단보도행
수원-0508,경기도 수원시 장안구 파장천로 133,37.31534691,127.0019952,2.0,10.8,False,120.0,영통 차로수별 중앙값,0.0,횡단보도행
수원-0507,경기도 수원시 장안구 파장천로 100,37.31306592,126.9997419,2.0,9.3,False,120.0,영통 차로수별 중앙값,0.0,횡단보도행
수원-0506,,37.31138562,126.9980088,2.0,10.0,False,100.0,근접,0.0,횡단보도행
수원-0505,경기도 수원시 장안구 수일로 62,37.31100269,126.9978371,3.0,10.0,False,100.0,근접,0.0,횡단보도행
수원-0504,,37.31012146,126.996926,3.0,9.9,False,120.0,영통 차로수별 중앙값,0.0,횡단보도행
수원-0792,,37.27902128,126.9997193,2.0,5.8,True,75.0,동일노선 확장,25.8,횡단보도행
수원-0788,경기도 수원시 팔달구 동말로 9,37.27733441,126.9953875,1.0,6.4,False,120.0,영통 차로수별 중앙값,0.0,횡단보도행
수원-0789,경기도 수원시 팔달구 동말로 11,37.27749805,126.9957135,2.0,8.1,False,120.0,영통 차로수별 중앙값,0.0,횡단보도행
수원-0790,경기도 수원시 팔달구 동말로 27,37.27809023,126.9971873,2.0,8.9,False,120.0,영통 차로수별 중앙값,0.0,횡단보도행
수원-0557,경기도 수원시 장안구 일월로66번길 24,37.28900782,126.9788383,6.0,35.8,False,162.5,영통 차로수별 중앙값,0.0,횡단보도행
수원-0556,경기도 수원시 장안구 일월로66번길 2,37.28861581,126.9778369,7.0,24.4,True,162.5,영통 차로수별 중앙값,52.9,횡단보도행
수원-0555,,37.3083818,127.0038429,4.0,14.7,True,105.0,근접,33.0,횡단보도행
수원-0554,경기도 수원시 장안구 만석로 251-3,37.30822345,127.003543,5.0,14.9,False,105.0,근접,0.0,횡단보도행
수원-0553,경기도 수원시 장안구 만석로 233,37.30692123,127.002536,3.0,14.8,False,180.0,근접,0.0,횡단보도행
수원-0552,경기도 수원시 장안구 경수대로 998,37.30595562,127.0026046,5.0,16.7,True,180.0,근접,67.9,횡단보도행
수원-0551,경기도 수원시 장안구 만석로 207,37.30496782,127.0010142,7.0,23.5,True,160.0,근접,52.4,횡단보도행
수원-0550,경기도 수원시 장안구 만석로 198,37.30397609,127.0009644,7.0,18.8,True,160.0,근접,56.3,횡단보도행
수원-0549,경기도 수원시 장안구 만석로 193,37.30383774,127.0002205,6.0,24.2,True,160.0,근접,51.8,횡단보도행
수원-0548,경기도 수원시 장안구 만석로 183,37.30314088,126.9995594,1.0,4.2,False,160.0,근접,0.0,횡단보도행
수원-0547,경기도 수원시 장안구 만석로 179-1,37.30295917,126.9992221,6.0,23.3,True,160.0,근접,52.6,횡단보도행
수원-0546,,37.30230978,126.9993034,1.0,13.5,False,160.0,근접,0.0,횡단보도행
수원-0545,경기도 수원시 장안구 만석로 162,37.30152185,126.9982539,6.0,23.6,True,160.0,근접,52.3,횡단보도행
수원-0544,,37.30089661,126.9973666,7.0,23.6,True,160.0,동일노선 확장,52.3,횡단보도행
수원-0543,,37.29967622,126.9964636,7.0,24.2,True,160.0,근접,51.8,횡단보도행
수원-0542,,37.30021337,126.9961547,7.0,31.9,False,162.5,영통 차로수별 중앙값,0.0,횡단보도행
수원-0541,경기도 수원시 장안구 장안로 191,37.2995599,126.9951959,4.0,26.2,True,150.0,영통 차로수별 중앙값,45.5,횡단보도행
수원-0540,경기도 수원시 장안구 장안로 191,37.2995599,126.9951959,4.0,17.7,True,150.0,영통 차로수별 중앙값,52.3,횡단보도행
수원-0539,,37.29905823,126.9933064,4.0,15.4,True,150.0,영통 차로수별 중앙값,54.3,횡단보도행
수원-0538,경기도 수원시 장안구 만석로103번길 4,37.2992349,126.9925107,4.0,14.2,True,150.0,영통 차로수별 중앙값,55.3,횡단보도행
수원-0537,경기도 수원시 장안구 대평로 128,37.29893231,126.9913167,4.0,14.5,True,130.0,동일노선 확장,45.3,횡단보도행
수원-0536,경기도 수원시 장안구 대평로 111,37.29774905,126.9907492,4.0,15.1,True,130.0,근접,44.8,횡단보도행
수원-0535,경기도 수원시 장안구 만석로68번길 7,37.29743861,126.9898261,4.0,39.8,False,130.0,동일노선 확장,0.0,횡단보도행
수원-0534,경기도 수원시 장안구 만석로68번길 10,37.29674963,126.9889169,4.0,18.9,True,150.0,영통 차로수별 중앙값,51.3,횡단보도행
수원-0533,경기도 수원시 장안구 만석로68번길 10,37.29674963,126.9889169,4.0,14.8,True,150.0,영통 차로수별 중앙값,54.8,횡단보도행
수원-0532,,37.29423712,126.9871744,4.0,22.2,True,150.0,근접,48.6,횡단보도행
수원-0531,경기도 수원시 장안구 만석로 29,37.29618435,126.9853553,6.0,25.9,True,150.0,동일노선 확장,45.7,횡단보도행
수원-0386,,37.30690183,126.9693868,4.0,21.4,True,150.0,영통 차로수별 중앙값,49.3,횡단보도행
수원-0385,,37.30690183,126.9693868,5.0,19.4,True,150.0,영통 차로수별 중앙값,50.9,횡단보도행
수원-0384,,37.30690183,126.9693868,4.0,19.1,True,150.0,영통 차로수별 중앙값,51.2,횡단보도행
수원-0383,,37.30690183,126.9693868,4.0,14.6,False,150.0,영통 차로수별 중앙값,0.0,횡단보도행
수원-0382,,37.30690183,126.9693868,3.0,9.7,False,120.0,영통 차로수별 중앙값,0.0,횡단보도행
수원-0381,,37.30690183,126.9693868,3.0,6.5,False,120.0,영통 차로수별 중앙값,0.0,횡단보도행
수원-0380,,37.23383111,126.9836105,9.0,26.3,True,160.0,근접,50.2,횡단보도행
수원-0379,,37.23426238,126.9834331,8.0,24.3,True,160.0,근접,51.8,횡단보도행
수원-0378,,37.23735657,126.9816504,9.0,31.7,True,160.0,동일노선 확장,46.0,횡단보도행
수원-0377,,37.23735657,126.9816504,4.0,14.1,True,160.0,동일노선 확장,60.3,횡단보도행
수원-0376,경기도 수원시 권선구 서부로 1433-17,37.2373673,126.9809528,4.0,15.2,True,160.0,동일노선 확장,59.3,횡단보도행
수원-0375,경기도 수원시 권선구 서부로 1433-28,37.23757878,126.9798464,2.0,16.2,True,120.0,영통 차로수별 중앙값,39.0,횡단보도행
수원-0374,경기도 수원시 권선구 서부로 1449-25,37.2384071,126.9796265,3.0,9.5,True,120.0,영통 차로수별 중앙값,44.6,횡단보도행
수원-0373,경기도 수원시 권선구 서부로 1433-64,37.23818636,126.9786247,3.0,20.6,False,120.0,영통 차로수별 중앙값,0.0,횡단보도행
수원-0805,,37.27299721,127.0023408,4.0,12.7,True,150.0,영통 차로수별 중앙값,56.6,횡단보도행
수원-0804,,37.27293125,127.0016192,3.0,15.3,True,180.0,동일노선 확장,69.1,횡단보도행
수원-0803,,37.27284651,127.0003001,2.0,12.0,False,180.0,근접,0.0,횡단보도행
수원-0802,,37.27271259,126.999229,2.0,11.6,False,180.0,근접,0.0,횡단보도행
수원-0801,,37.27254331,126.9986018,2.0,11.9,False,180.0,근접,0.0,횡단보도행
수원-0800,,37.27254331,126.9986018,2.0,12.9,True,180.0,근접,71.2,횡단보도행
수원-0799,,37.27892264,127.006504,2.0,14.7,True,160.0,근접,59.8,횡단보도행
수원-0798,경기도 수원시 팔달구 동말로 91,37.27897697,127.0043999,2.0,9.3,True,90.0,근접,30.2,횡단보도행
수원-0797,,37.27863988,127.0038404,3.0,9.3,True,90.0,동일노선 확장,30.2,횡단보도행
수원-0796,경기도 수원시 팔달구 팔달로 115,37.27897352,127.0035773,3.0,20.0,True,80.0,동일노선 확장,17.6,횡단보도행
수원-0795,경기도 수원시 팔달구 동말로77번길 1,37.27894217,127.002551,2.0,8.1,True,80.0,근접,26.3,횡단보도행
수원-0794,경기도 수원시 팔달구 동말로 69,37.27893852,127.0016824,2.0,8.5,True,80.0,동일노선 확장,26.0,횡단보도행
수원-0793,경기도 수원시 팔달구 동말로 57,37.2789339,127.0005883,2.0,7.2,True,75.0,근접,24.6,횡단보도행
수원-0413,경기도 수원시 장안구 장안로 280-1,37.306801,126.9908349,1.0,4.0,False,160.0,동일노선 확장,0.0,횡단보도행
수원-0412,경기도 수원시 장안구 장안로 291,37.30750148,126.989871,1.0,6.1,False,150.0,동일노선 확장,0.0,횡단보도행
수원-0411,경기도 수원시 장안구 장안로291번길 2,37.30762374,126.9896994,4.0,14.8,True,150.0,동일노선 확장,54.8,횡단보도행
수원-0410,경기도 수원시 장안구 장안로301번길 2,37.30824329,126.9891438,1.0,6.1,False,150.0,근접,0.0,횡단보도행
수원-0409,경기도 수원시 장안구 장안로 303,37.30838693,126.9889854,4.0,14.6,True,150.0,근접,55.0,횡단보도행
수원-0408,경기도 수원시 장안구 장안로 305,37.30862976,126.9888816,2.0,7.1,False,150.0,근접,0.0,횡단보도행
수원-0407,,37.30904115,126.9888156,6.0,20.4,True,150.0,근접,50.1,횡단보도행
수원-0406,경기도 수원시 장안구 이목로 58,37.31039286,126.9880459,8.0,19.7,True,150.0,근접,50.7,횡단보도행
수원-0405,,37.31054807,126.9872023,7.0,16.0,True,150.0,동일노선 확장,53.8,횡단보도행
수원-0404,,37.31170791,126.9867508,5.0,15.6,True,150.0,근접,54.1,횡단보도행
수원-0403,,37.31295122,126.986006,3.0,30.3,True,150.0,근접,42.3,횡단보도행
수원-0402,,37.31316129,126.9858368,6.0,28.1,True,150.0,근접,44.0,횡단보도행
수원-0401,경기도 수원시 장안구 장안로378번길 2,37.31433828,126.9853558,4.0,15.7,True,150.0,근접,54.0,횡단보도행
수원-0400,,37.31495115,126.984618,6.0,24.1,True,150.0,동일노선 확장,47.1,횡단보도행
수원-0399,경기도 수원시 장안구 장안로 388,37.31525373,126.9844467,6.0,20.2,True,150.0,동일노선 확장,50.3,횡단보도행
수원-0398,,37.31655384,126.9832092,4.0,16.2,True,170.0,근접,63.4,횡단보도행
수원-0397,경기도 수원시 장안구 장안로 415,37.31669502,126.9821684,4.0,15.2,True,170.0,근접,64.2,횡단보도행
수원-0396,경기도 수원시 장안구 장안로 422,37.31746112,126.9821518,6.0,33.9,False,100.0,동일노선 확장,0.0,횡단보도행
수원-0395,,37.31741811,126.9813684,4.0,19.6,True,100.0,근접,26.9,횡단보도행
수원-0394,경기도 수원시 장안구 장안로 458-1,37.3188693,126.978508,2.0,10.0,False,120.0,영통 차로수별 중앙값,0.0,횡단보도행
수원-0393,경기도 수원시 장안구 장안로 463,37.31865931,126.9778992,2.0,6.4,False,120.0,영통 차로수별 중앙값,0.0,횡단보도행
수원-0392,,37.31919988,126.9770921,2.0,7.7,False,120.0,영통 차로수별 중앙값,0.0,횡단보도행
수원-0391,,37.30602353,126.9818024,4.0,15.5,True,150.0,근접,54.2,횡단보도행
수원-0390,경기도 수원시 장안구 천천로 203,37.30674883,126.9764476,4.0,15.5,True,150.0,근접,54.2,횡단보도행
수원-0389,경기도 수원시 장안구 상률로 108,37.30553464,126.9777877,4.0,15.0,False,150.0,영통 차로수별 중앙값,0.0,횡단보도행
수원-0388,,37.30548367,126.9757902,6.0,15.9,True,120.0,동일노선 확장,39.3,횡단보도행
수원-0387,,37.30595478,126.9729007,3.0,13.6,True,120.0,동일노선 확장,41.2,횡단보도행
수원-0439,경기도 수원시 장안구 장안로 99-2,37.29296224,127.0012289,4.0,13.2,True,86.0,동일노선 확장,25.2,횡단보도행
수원-0438,경기도 수원시 장안구 장안로 118,37.29438358,127.0005539,4.0,12.9,True,86.0,근접,25.4,횡단보도행
수원-0437,경기도 수원시 장안구 장안로125번길 6,37.29504583,126.9994212,4.0,12.5,True,150.0,영통 차로수별 중앙값,56.8,횡단보도행
수원-0436,경기도 수원시 장안구 장안로 153,37.29690505,126.9978519,4.0,13.0,True,150.0,근접,56.3,횡단보도행
수원-0435,,37.29803065,126.9979356,9.0,31.6,True,150.0,근접,41.4,횡단보도행
수원-0434,,37.29967622,126.9964193,7.0,23.7,True,160.0,근접,52.2,횡단보도행
수원-0433,,37.30021337,126.9961711,7.0,31.9,False,160.0,동일노선 확장,0.0,횡단보도행
수원-0432,경기도 수원시 장안구 장안로 200,37.30073281,126.9958334,7.0,14.5,True,155.0,동일노선 확장,57.5,횡단보도행
수원-0431,경기도 수원시 장안구 장안로 199,37.30064344,126.9951754,4.0,14.9,True,155.0,동일노선 확장,57.1,횡단보도행
수원-0430,경기도 수원시 장안구 장안로259번길 1,37.30502842,126.9919527,1.0,6.8,False,150.0,동일노선 확장,0.0,횡단보도행
수원-0429,경기도 수원시 장안구 장안로 226,37.30263198,126.9943497,1.0,15.3,True,125.0,근접,42.2,횡단보도행
수원-0428,경기도 수원시 장안구 장안로 232,37.30437487,126.9934743,4.0,14.9,True,150.0,근접,54.7,횡단보도행
수원-0427,경기도 수원시 장안구 정자로 158,37.30479176,126.993191,5.0,16.1,True,150.0,근접,53.7,횡단보도행
수원-0426,경기도 수원시 장안구 정자로 155,37.30491965,126.9926306,6.0,15.2,True,150.0,동일노선 확장,54.4,횡단보도행
수원-0425,경기도 수원시 장안구 장안로 264-5,37.30589402,126.9920146,1.0,7.0,False,160.0,근접,0.0,횡단보도행
수원-0424,경기도 수원시 장안구 장안로 265,37.30558504,126.9914299,1.0,6.6,False,160.0,근접,0.0,횡단보도행
수원-0423,경기도 수원시 장안구 장안로 271,37.30504309,126.9897932,1.0,6.9,False,120.0,영통 차로수별 중앙값,0.0,횡단보도행
수원-0422,,37.30593435,126.9915346,1.0,5.5,False,160.0,근접,0.0,횡단보도행
수원-0421,,37.30624269,126.9913465,1.0,5.8,False,160.0,근접,0.0,횡단보도행
수원-0420,경기도 수원시 장안구 장안로 262,37.30548855,126.9920512,1.0,6.2,False,160.0,동일노선 확장,0.0,횡단보도행
수원-0419,경기도 수원시 장안구 장안로 265,37.30558504,126.9914299,1.0,4.5,False,160.0,근접,0.0,횡단보도행
수원-0418,,37.30593435,126.9915346,1.0,5.3,False,160.0,근접,0.0,횡단보도행
수원-0417,,37.30591787,126.991309,4.0,14.7,True,160.0,근접,59.8,횡단보도행
수원-0416,,37.30624269,126.9913465,1.0,4.6,False,160.0,근접,0.0,횡단보도행
수원-0415,경기도 수원시 장안구 장안로 272-9,37.30650539,126.9916494,1.0,2.9,False,160.0,근접,0.0,횡단보도행
수원-0414,경기도 수원시 장안구 장안로 279,37.30670781,126.9905083,4.0,14.5,True,160.0,동일노선 확장,59.9,횡단보도행
수원-0624,경기도 수원시 팔달구 일월로22번길 3,37.28556091,126.9800691,7.0,28.6,True,150.0,근접,43.6,횡단보도행
수원-0623,,37.28622193,126.9793136,7.0,28.7,False,150.0,근접,0.0,횡단보도행
수원-0622,,37.28682664,126.9787271,6.0,24.6,True,150.0,동일노선 확장,46.7,횡단보도행
수원-0621,,37.28851789,126.9775086,7.0,25.4,True,162.5,영통 차로수별 중앙값,52.1,횡단보도행
수원-0620,경기도 수원시 장안구 일월로66번길 2,37.28861581,126.9778369,7.0,22.2,True,162.5,영통 차로수별 중앙값,54.7,횡단보도행
수원-0619,,37.29025076,126.9736791,7.0,25.6,True,150.0,동일노선 확장,45.9,횡단보도행
수원-0618,,37.29076468,126.9700873,7.0,27.5,True,162.5,영통 차로수별 중앙값,50.4,횡단보도행
수원-0617,,37.28550229,126.9858092,4.0,12.6,True,150.0,동일노선 확장,56.7,횡단보도행
수원-0616,,37.28637556,126.9858342,4.0,13.9,True,150.0,근접,55.6,횡단보도행
수원-0615,,37.28637556,126.9858342,5.0,16.5,True,150.0,근접,53.3,횡단보도행
수원-0614,,37.28962303,126.9847821,4.0,12.2,True,120.0,근접,42.3,횡단보도행
수원-0613,,37.28962303,126.9847821,4.0,12.9,True,120.0,근접,41.8,횡단보도행
수원-0612,,37.29058592,126.9839247,4.0,14.3,True,120.0,근접,40.6,횡단보도행
수원-0611,,37.29058592,126.9839247,4.0,13.0,True,120.0,근접,41.7,횡단보도행
수원-0610,경기도 수원시 장안구 화산로 84,37.29158782,126.9834123,5.0,16.3,True,120.0,동일노선 확장,39.0,횡단보도행
수원-0609,,37.29441586,126.9805291,5.0,15.7,True,120.0,근접,39.4,횡단보도행
수원-0608,,37.29484867,126.980179,4.0,13.0,True,120.0,근접,41.7,횡단보도행
수원-0607,,37.2958045,126.9793107,4.0,12.8,True,120.0,근접,41.8,횡단보도행
수원-0606,,37.2958045,126.9793107,4.0,13.0,True,120.0,근접,41.7,횡단보도행
수원-0605,,37.29723522,126.9780019,4.0,12.9,True,120.0,근접,41.8,횡단보도행
수원-0604,,37.29745326,126.977844,4.0,13.0,True,120.0,근접,41.7,횡단보도행
수원-0603,,37.29960022,126.9729257,2.0,15.8,False,120.0,영통 차로수별 중앙값,0.0,횡단보도행
수원-0602,,37.29953001,126.9723392,2.0,30.3,False,120.0,영통 차로수별 중앙값,0.0,횡단보도행
수원-0601,,37.29999009,126.9696209,4.0,15.6,True,120.0,근접,39.5,횡단보도행
수원-0600,,37.30013584,126.9681207,4.0,14.1,True,120.0,동일노선 확장,40.8,횡단보도행
수원-0599,,37.30013584,126.9681207,4.0,13.9,False,120.0,동일노선 확장,0.0,횡단보도행
수원-0598,,37.30062031,126.9648158,4.0,13.8,False,150.0,영통 차로수별 중앙값,0.0,횡단보도행
수원-0651,,37.2884033,126.9962209,7.0,24.0,True,150.0,동일노선 확장,47.2,횡단보도행
수원-0650,,37.28738232,126.9938511,7.0,27.5,True,162.5,영통 차로수별 중앙값,50.4,횡단보도행
수원-0649,,37.28631758,126.9911993,6.0,25.3,True,150.0,동일노선 확장,46.2,횡단보도행
수원-0648,,37.28542912,126.9894724,1.0,5.8,False,160.0,근접,0.0,횡단보도행
수원-0647,,37.28585056,126.9895186,4.0,47.7,False,160.0,근접,0.0,횡단보도행
수원-0646,경기도 수원시 팔달구 수성로157번길 5-7,37.28618752,126.9896764,1.0,6.4,False,160.0,근접,0.0,횡단보도행
수원-0645,,37.2850633,126.9876344,7.0,23.4,True,150.0,근접,47.7,횡단보도행
수원-0644,,37.28452931,126.9862008,4.0,17.7,True,150.0,동일노선 확장,52.3,횡단보도행
수원-0643,,37.28447712,126.9851532,8.0,26.5,True,150.0,근접,45.2,횡단보도행
수원-0642,,37.28447712,126.9851532,6.0,23.1,True,150.0,근접,47.9,횡단보도행
수원-0641,,37.28387202,126.9835092,2.0,13.1,False,120.0,영통 차로수별 중앙값,0.0,횡단보도행
수원-0640,,37.28358628,126.9817646,7.0,25.7,True,150.0,근접,45.9,횡단보도행
수원-0639,,37.28262204,126.9773836,8.0,22.5,True,150.0,근접,48.4,횡단보도행
수원-0638,,37.28262204,126.9773836,7.0,21.3,True,150.0,근접,49.4,횡단보도행
수원-0637,,37.28262204,126.9773836,7.0,21.0,True,150.0,근접,49.6,횡단보도행
수원-0636,,37.28262204,126.9773836,9.0,25.2,True,150.0,근접,46.3,횡단보도행
수원-0635,,37.28306198,126.9726087,2.0,10.3,True,120.0,근접,43.9,횡단보도행
수원-0634,경기도 수원시 권선구 일월천로16번길 27,37.28421966,126.9743589,4.0,13.0,True,120.0,동일노선 확장,41.7,횡단보도행
수원-0633,경기도 수원시 권선구 일월천로16번길 39,37.28521808,126.9750805,4.0,12.4,False,120.0,동일노선 확장,0.0,횡단보도행
수원-0632,,37.28557089,126.974073,4.0,11.9,False,160.0,근접,0.0,횡단보도행
수원-0631,,37.28557089,126.974073,4.0,11.8,False,160.0,근접,0.0,횡단보도행
수원-0630,,37.28557089,126.974073,4.0,13.1,False,160.0,근접,0.0,횡단보도행
수원-0629,,37.28571024,126.9752135,4.0,11.8,True,120.0,근접,42.7,횡단보도행
수원-0628,경기도 수원시 장안구 일월천로 77,37.28689396,126.9777924,4.0,12.8,True,150.0,영통 차로수별 중앙값,56.5,횡단보도행
수원-0627,경기도 수원시 장안구 일월천로 77,37.28689396,126.9777924,4.0,11.5,True,150.0,영통 차로수별 중앙값,57.6,횡단보도행
수원-0626,,37.28416098,126.9807577,7.0,21.6,True,162.5,영통 차로수별 중앙값,55.2,횡단보도행
수원-0625,경기도 수원시 팔달구 일월로22번길 4,37.28521978,126.9803874,7.0,26.7,True,150.0,동일노선 확장,45.1,횡단보도행
수원-0440,경기도 수원시 장안구 장안로 91,37.29221667,127.0018431,4.0,12.2,True,150.0,영통 차로수별 중앙값,57.0,횡단보도행
수원-0441,경기도 수원시 장안구 장안로 72,37.29092501,127.0033521,5.0,13.2,True,150.0,영통 차로수별 중앙값,56.2,횡단보도행
수원-0442,,37.28993127,127.0037278,5.0,12.1,True,120.0,동일노선 확장,42.4,횡단보도행
수원-0443,경기도 수원시 장안구 장안로 52-1,37.28940629,127.0044564,4.0,13.3,True,120.0,근접,41.4,횡단보도행
수원-0444,경기도 수원시 장안구 장안로 42,37.28870559,127.0050251,4.0,12.8,True,90.0,근접,27.4,횡단보도행
수원-0445,경기도 수원시 장안구 장안로 29,37.28761663,127.0054384,4.0,11.9,True,90.0,동일노선 확장,28.1,횡단보도행
수원-0586,,37.30612639,127.0134297,7.0,15.0,True,150.0,동일노선 확장,54.6,횡단보도행
수원-0587,경기도 수원시 장안구 수일로219번길 2,37.30656385,127.0141499,5.0,15.4,True,160.0,근접,59.2,횡단보도행
수원-0597,경기도 수원시 장안구 화산로285번길 12,37.30021044,126.9644078,4.0,13.5,False,150.0,영통 차로수별 중앙값,0.0,횡단보도행
수원-0596,경기도 수원시 장안구 광교산로 97,37.29901002,127.0264864,2.0,9.7,True,120.0,영통 차로수별 중앙값,44.5,횡단보도행
수원-0595,경기도 수원시 장안구 광교산로 97,37.29901002,127.0264864,2.0,6.0,False,120.0,영통 차로수별 중앙값,0.0,횡단보도행
수원-0594,경기도 수원시 장안구 광교산로 97,37.29901002,127.0264864,2.0,6.4,False,120.0,영통 차로수별 중앙값,0.0,횡단보도행
수원-0593,경기도 수원시 장안구 광교산로 97,37.29901002,127.0264864,2.0,5.6,False,120.0,영통 차로수별 중앙값,0.0,횡단보도행
수원-0592,,37.29990398,127.0225634,2.0,6.0,False,120.0,영통 차로수별 중앙값,0.0,횡단보도행
수원-0591,,37.30323659,127.0212593,4.0,13.2,False,150.0,영통 차로수별 중앙값,0.0,횡단보도행
수원-0590,,37.3042294,127.019387,4.0,13.0,True,60.0,근접,13.3,횡단보도행
수원-0589,,37.3050353,127.0173024,5.0,16.7,True,120.0,근접,38.6,횡단보도행
수원-0588,,37.30548219,127.0166877,4.0,13.0,True,120.0,근접,41.7,횡단보도행
수원-0761,,37.27332121,127.0019443,6.0,14.7,True,180.0,동일노선 확장,69.6,횡단보도행
수원-0585,경기도 수원시 장안구 송원로 131-28,37.30677156,127.0119328,6.0,18.8,True,112.5,근접,33.4,횡단보도행
수원-0768,경기도 수원시 장안구 송정로 167,37.29822905,127.0148918,2.0,7.1,False,90.0,동일노선 확장,0.0,횡단보도행
수원-0767,경기도 수원시 장안구 송정로 195,37.29940242,127.0174794,4.0,9.8,False,90.0,근접,0.0,횡단보도행
수원-0766,경기도 수원시 팔달구 팔달로 4,37.26968078,126.9994426,5.0,15.9,True,180.0,근접,68.6,횡단보도행
수원-0765,경기도 수원시 팔달구 팔달로 18,37.27045252,127.0007571,6.0,16.3,True,180.0,근접,68.2,횡단보도행
수원-0764,경기도 수원시 팔달구 팔달로 18,37.27045252,127.0007571,5.0,17.1,True,180.0,근접,67.5,횡단보도행
수원-0763,,37.27134993,127.0011457,4.0,14.4,True,180.0,동일노선 확장,69.9,횡단보도행
수원-0762,,37.2729153,127.0021491,6.0,16.1,True,180.0,동일노선 확장,68.4,횡단보도행
수원-0786,경기도 수원시 팔달구 동말로 1,37.27712364,126.9945768,2.0,10.0,False,120.0,영통 차로수별 중앙값,0.0,횡단보도행
수원-0785,,37.29701326,126.9989269,5.0,18.4,True,155.0,동일노선 확장,54.2,횡단보도행
수원-0784,,37.29627518,126.9998859,1.0,6.1,False,155.0,근접,0.0,횡단보도행
수원-0783,경기도 수원시 장안구 송정로 32,37.29613237,127.0005762,1.0,5.2,False,155.0,동일노선 확장,0.0,횡단보도행
수원-0782,경기도 수원시 장안구 송정로 45-2,37.29631959,127.0022222,4.0,11.0,True,150.0,영통 차로수별 중앙값,58.1,횡단보도행
수원-0781,경기도 수원시 장안구 송정로 58-1,37.29588318,127.0034775,4.0,11.6,True,150.0,동일노선 확장,57.6,횡단보도행
수원-0780,경기도 수원시 장안구 송정로 66,37.29573373,127.0043811,4.0,12.0,True,150.0,근접,57.2,횡단보도행
수원-0779,경기도 수원시 장안구 영화로 106,37.29568144,127.0048101,4.0,14.4,True,150.0,근접,55.1,횡단보도행
수원-0778,경기도 수원시 장안구 송정로 84,37.2955685,127.0064092,4.0,14.8,True,150.0,영통 차로수별 중앙값,54.8,횡단보도행
수원-0777,경기도 수원시 장안구 송정로 96,37.2952613,127.0077742,4.0,15.3,True,150.0,동일노선 확장,54.4,횡단보도행
수원-0776,경기도 수원시 장안구 송정로 108,37.29523918,127.0089989,4.0,15.0,True,150.0,동일노선 확장,54.6,횡단보도행
수원-0775,경기도 수원시 장안구 송정로 114,37.2953778,127.0098216,5.0,26.3,True,150.0,영통 차로수별 중앙값,45.4,횡단보도행
수원-0774,경기도 수원시 장안구 송정로 128,37.29607717,127.0111033,3.0,10.6,False,120.0,영통 차로수별 중앙값,0.0,횡단보도행
수원-0773,경기도 수원시 장안구 송정로 132,37.29624105,127.0115174,3.0,11.4,False,120.0,영통 차로수별 중앙값,0.0,횡단보도행
수원-0772,경기도 수원시 장안구 송정로 146,37.29683289,127.0129376,3.0,10.6,False,120.0,영통 차로수별 중앙값,0.0,횡단보도행
수원-0771,경기도 수원시 장안구 경수대로 857,37.29711491,127.0135676,3.0,23.2,True,120.0,영통 차로수별 중앙값,33.6,횡단보도행
수원-0770,경기도 수원시 장안구 경수대로 860,37.29756796,127.0141401,2.0,13.9,False,120.0,영통 차로수별 중앙값,0.0,횡단보도행
수원-0769,경기도 수원시 장안구 송정로167번길 3,37.29808382,127.0146445,2.0,5.9,False,90.0,동일노선 확장,0.0,횡단보도행
수원-0283,,37.2767118,127.0350639,2.0,6.8,False,180.0,동일노선 확장,0.0,횡단보도행
수원-0282,,37.2767118,127.0350639,1.0,6.7,False,180.0,동일노선 확장,0.0,횡단보도행
수원-0281,,37.27780439,127.0349719,9.0,29.2,True,180.0,근접,57.4,횡단보도행
수원-0280,경기도 수원시 팔달구 중부대로 153,37.2782915,127.0331244,1.0,7.1,False,120.0,영통 차로수별 중앙값,0.0,횡단보도행
수원-0279,경기도 수원시 팔달구 경수대로 584,37.27767202,127.0314498,9.0,24.0,True,180.0,근접,61.7,횡단보도행
수원-0278,경기도 수원시 팔달구 경수대로 593,37.27868699,127.0305613,8.0,21.8,True,180.0,근접,63.5,횡단보도행
수원-0277,경기도 수원시 팔달구 중부대로106번길 5,37.27740678,127.0282343,5.0,15.9,True,180.0,동일노선 확장,68.6,횡단보도행
수원-0276,경기도 수원시 팔달구 중부대로 94,37.27654539,127.0269651,1.0,6.5,False,180.0,근접,0.0,횡단보도행
수원-0275,경기도 수원시 팔달구 중부대로 92,37.27651754,127.0267622,5.0,15.2,True,180.0,근접,69.2,횡단보도행
수원-0274,,37.27584259,127.0260863,1.0,20.4,False,180.0,동일노선 확장,0.0,횡단보도행
수원-0273,,37.27638368,127.0263301,1.0,7.9,False,180.0,근접,0.0,횡단보도행
수원-0272,경기도 수원시 팔달구 중부대로 64,37.27557746,127.0238579,5.0,15.8,True,150.0,근접,53.9,횡단보도행
수원-0271,경기도 수원시 팔달구 중부대로 59,37.27579734,127.0232249,5.0,15.1,True,150.0,근접,54.5,횡단보도행
수원-0270,경기도 수원시 팔달구 중부대로 40,37.27515195,127.0211648,4.0,15.6,True,150.0,근접,54.1,횡단보도행
수원-0269,경기도 수원시 팔달구 중부대로 29,37.27541825,127.0201479,5.0,16.8,True,150.0,근접,53.1,횡단보도행
수원-0268,경기도 수원시 팔달구 중부대로 23,37.27537904,127.0193699,5.0,16.2,True,150.0,동일노선 확장,53.6,횡단보도행
수원-0267,경기도 수원시 팔달구 중부대로 13,37.27545613,127.0183768,4.0,15.9,True,150.0,영통 차로수별 중앙값,53.8,횡단보도행
수원-0266,경기도 수원시 팔달구 중부대로 1,37.27540559,127.0170348,5.0,15.7,True,150.0,영통 차로수별 중앙값,54.0,횡단보도행
수원-0265,,37.27356227,127.0185229,4.0,12.4,True,76.0,근접,21.1,횡단보도행
수원-0264,,37.27315661,127.0174152,4.0,17.9,False,76.0,근접,0.0,횡단보도행
수원-0263,,37.27262174,127.0166709,6.0,20.6,True,150.0,근접,49.9,횡단보도행
수원-0262,,37.27262442,127.0161748,6.0,15.9,True,150.0,근접,53.8,횡단보도행
수원-0261,,37.27185615,127.0145061,5.0,16.3,True,150.0,동일노선 확장,53.5,횡단보도행
수원-0260,,37.27140566,127.0137506,5.0,14.3,True,150.0,근접,55.2,횡단보도행
수원-0259,,37.27140572,127.0131192,3.0,6.8,False,150.0,근접,0.0,횡단보도행
수원-0309,경기도 수원시 권선구 삼천병마로1597번길 46,37.24448924,126.9609809,8.0,28.9,True,160.0,동일노선 확장,48.1,횡단보도행
수원-0308,,37.24353931,126.9581161,5.0,14.8,True,160.0,근접,59.7,횡단보도행
수원-0307,,37.26871276,127.0671052,10.0,32.9,False,180.0,근접,0.0,횡단보도행
수원-0306,,37.26923133,127.0638484,11.0,32.5,True,180.0,근접,54.8,횡단보도행
수원-0305,경기도 수원시 영통구 중부대로 412,37.27020164,127.0602325,9.0,38.6,True,180.0,근접,50.2,횡단보도행
수원-0304,,37.2706179,127.0600544,9.0,28.6,True,180.0,근접,57.9,횡단보도행
수원-0303,,37.27138704,127.058003,10.0,33.7,True,180.0,근접,53.9,횡단보도행
수원-0302,,37.27204288,127.0563389,9.0,36.5,False,180.0,동일노선 확장,0.0,횡단보도행
수원-0301,경기도 수원시 영통구 중부대로 349,37.27316271,127.0542033,10.0,31.6,True,180.0,동일노선 확장,55.5,횡단보도행
수원-0300,경기도 수원시 영통구 중부대로 339,37.27349637,127.0532651,9.0,29.8,True,162.5,영통 차로수별 중앙값,48.6,횡단보도행
수원-0299,경기도 수원시 영통구 중부대로 319,37.2736813,127.0506916,9.0,29.3,True,162.5,영통 차로수별 중앙값,49.0,횡단보도행
수원-0298,,37.27381531,127.0506102,1.0,5.2,False,120.0,영통 차로수별 중앙값,0.0,횡단보도행
수원-0297,,37.27382622,127.0502503,1.0,6.5,False,120.0,영통 차로수별 중앙값,0.0,횡단보도행
수원-0296,,37.273829,127.0497516,1.0,7.1,False,180.0,근접,0.0,횡단보도행
수원-0295,경기도 수원시 영통구 중부대로 302,37.27307914,127.048801,10.0,28.7,True,180.0,동일노선 확장,57.8,횡단보도행
수원-0294,,37.27371327,127.0478349,1.0,5.9,False,180.0,근접,0.0,횡단보도행
수원-0293,,37.27390261,127.0475467,10.0,29.3,True,180.0,근접,57.4,횡단보도행
수원-0292,경기도 수원시 영통구 중부대로 281,37.27412586,127.0467306,1.0,6.7,False,180.0,동일노선 확장,0.0,횡단보도행
수원-0291,경기도 수원시 영통구 중부대로 277,37.27429512,127.0462608,1.0,13.0,False,120.0,영통 차로수별 중앙값,0.0,횡단보도행
수원-0290,경기도 수원시 영통구 중부대로271번길 5,37.27457166,127.0454534,10.0,27.8,True,162.5,영통 차로수별 중앙값,50.2,횡단보도행
수원-0289,,37.27435762,127.0440243,8.0,30.3,True,162.5,영통 차로수별 중앙값,48.2,횡단보도행
수원-0288,경기도 수원시 영통구 중부대로 248,37.27474164,127.0427791,9.0,29.0,True,162.5,영통 차로수별 중앙값,49.2,횡단보도행
수원-0287,경기도 수원시 팔달구 중부대로 245,37.27539098,127.0428654,1.0,6.3,False,120.0,영통 차로수별 중앙값,0.0,횡단보도행
수원-0286,,37.27583382,127.040868,9.0,28.8,True,180.0,근접,57.8,횡단보도행
수원-0285,경기도 수원시 팔달구 중부대로 200,37.27629111,127.0378968,9.0,23.5,True,180.0,동일노선 확장,62.1,횡단보도행
수원-0284,,37.27708071,127.03763,9.0,23.7,True,180.0,근접,61.9,횡단보도행
수원-0335,,37.31653185,126.9827099,9.0,37.6,False,170.0,근접,0.0,횡단보도행
수원-0334,,37.23652653,126.9652312,5.0,14.4,False,150.0,영통 차로수별 중앙값,0.0,횡단보도행
수원-0333,,37.23752563,126.9614836,13.0,26.7,True,162.5,영통 차로수별 중앙값,51.0,횡단보도행
수원-0332,,37.23752563,126.9614836,8.0,28.9,True,162.5,영통 차로수별 중앙값,49.3,횡단보도행
수원-0331,,37.24274868,126.9582857,8.0,16.3,True,160.0,근접,58.4,횡단보도행
수원-0330,,37.25982027,126.9991169,7.0,20.0,True,162.5,영통 차로수별 중앙값,56.5,횡단보도행
수원-0329,,37.25932578,126.9977029,8.0,22.0,True,180.0,근접,63.3,횡단보도행
수원-0328,경기도 수원시 권선구 매송고색로 863,37.25790521,126.9965208,8.0,25.7,True,180.0,근접,60.3,횡단보도행
수원-0327,,37.25612442,126.9947547,7.0,25.7,True,180.0,동일노선 확장,60.3,횡단보도행
수원-0326,,37.25620316,126.9945067,6.0,26.7,True,180.0,동일노선 확장,59.5,횡단보도행
수원-0325,,37.25401576,126.9918088,1.0,10.0,False,180.0,근접,0.0,횡단보도행
수원-0324,,37.25403779,126.9912268,9.0,19.7,True,180.0,근접,65.3,횡단보도행
수원-0323,경기도 수원시 권선구 매송고색로 789,37.25384956,126.9903457,8.0,28.0,True,180.0,동일노선 확장,58.4,횡단보도행
수원-0322,경기도 수원시 권선구 매송고색로 770,37.25261795,126.9885484,6.0,26.5,True,180.0,근접,59.6,횡단보도행
수원-0321,경기도 수원시 권선구 매송고색로 750-1,37.25212897,126.9864219,7.0,27.9,True,180.0,근접,58.5,횡단보도행
수원-0320,경기도 수원시 권선구 매송고색로 731,37.25201193,126.9843818,7.0,23.6,True,162.5,영통 차로수별 중앙값,53.5,횡단보도행
수원-0319,,37.25101411,126.9824017,7.0,23.2,True,180.0,근접,62.3,횡단보도행
수원-0318,경기도 수원시 권선구 매송고색로 695,37.25097589,126.9803858,7.0,23.2,True,180.0,근접,62.3,횡단보도행
수원-0317,경기도 수원시 권선구 매송고색로 688-2,37.25025118,126.9795677,7.0,29.3,False,180.0,동일노선 확장,0.0,횡단보도행
수원-0316,경기도 수원시 권선구 매송고색로 661,37.24992338,126.9767735,10.0,24.1,True,180.0,동일노선 확장,61.6,횡단보도행
수원-0315,,37.24921809,126.9763416,10.0,24.3,True,180.0,근접,61.4,횡단보도행
수원-0314,,37.24882221,126.9716385,6.0,22.6,True,180.0,동일노선 확장,62.8,횡단보도행
수원-0313,경기도 수원시 권선구 서수원로 220,37.24655121,126.9684643,8.0,26.1,True,180.0,동일노선 확장,59.9,횡단보도행
수원-0312,,37.24672626,126.9675025,4.0,23.8,True,180.0,동일노선 확장,61.8,횡단보도행
수원-0311,경기도 수원시 권선구 매송고색로 552,37.24618562,126.9653436,9.0,26.0,True,160.0,동일노선 확장,50.4,횡단보도행
수원-0310,경기도 수원시 권선구 삼천병마로 1604,37.24568165,126.9635319,7.0,23.8,True,160.0,동일노선 확장,52.2,횡단보도행
수원-0362,경기도 수원시 권선구 매송고색로 661,37.24992338,126.9767735,7.0,27.2,True,180.0,동일노선 확장,59.0,횡단보도행
수원-0361,,37.25472418,126.9746293,1.0,5.7,False,120.0,영통 차로수별 중앙값,0.0,횡단보도행
수원-0360,경기도 수원시 권선구 서부로 1654,37.25669808,126.9743359,8.0,23.0,True,210.0,근접,77.1,횡단보도행
수원-0359,,37.25970705,126.9731668,9.0,26.6,True,210.0,근접,74.1,횡단보도행
수원-0358,,37.25970705,126.9731668,10.0,30.0,True,210.0,근접,71.3,횡단보도행
수원-0357,,37.2634119,126.9720044,7.0,33.6,True,210.0,근접,68.3,횡단보도행
수원-0356,,37.2684535,126.9717481,8.0,30.4,True,160.0,근접,47.0,횡단보도행
수원-0355,경기도 수원시 권선구 금호로 184,37.27400533,126.9702679,2.0,8.1,False,120.0,영통 차로수별 중앙값,0.0,횡단보도행
수원-0354,,37.27362558,126.9692969,6.0,33.9,True,162.5,영통 차로수별 중앙값,45.5,횡단보도행
수원-0353,,37.2741431,126.9692303,7.0,36.0,True,162.5,영통 차로수별 중앙값,43.9,횡단보도행
수원-0352,경기도 수원시 권선구 수인로 311,37.28408713,126.9688999,6.0,41.6,True,170.0,근접,43.3,횡단보도행
수원-0351,,37.28493621,126.9691706,7.0,16.5,True,162.5,영통 차로수별 중앙값,59.4,횡단보도행
수원-0350,,37.28684958,126.9677052,1.0,31.6,False,120.0,영통 차로수별 중앙값,0.0,횡단보도행
수원-0349,,37.29054131,126.9697994,9.0,34.8,True,162.5,영통 차로수별 중앙값,44.8,횡단보도행
수원-0348,,37.29212518,126.9699288,9.0,32.4,True,162.5,영통 차로수별 중앙값,46.6,횡단보도행
수원-0347,경기도 수원시 장안구 서부로2105번길 5,37.29664833,126.969985,4.0,12.8,True,110.0,동일노선 확장,37.0,횡단보도행
수원-0346,경기도 수원시 장안구 서부로 2107,37.2968563,126.9701302,4.0,12.5,True,150.0,영통 차로수별 중앙값,56.8,횡단보도행
수원-0345,경기도 수원시 장안구 서부로 2123,37.29813085,126.9709336,4.0,12.4,True,110.0,근접,37.3,횡단보도행
수원-0344,,37.29827785,126.9714487,1.0,7.0,False,110.0,근접,0.0,횡단보도행
수원-0343,경기도 수원시 장안구 서부로 2129-1,37.29874544,126.9713017,1.0,10.3,False,110.0,근접,0.0,횡단보도행
수원-0342,경기도 수원시 장안구 서부로 2127,37.29847228,126.971199,5.0,12.4,True,110.0,근접,37.3,횡단보도행
수원-0341,,37.30026241,126.9746362,8.0,34.8,True,170.0,근접,48.3,횡단보도행
수원-0340,,37.30026241,126.9746362,9.0,30.7,True,170.0,근접,51.5,횡단보도행
수원-0339,경기도 수원시 장안구 서부로 2179,37.30288001,126.9726945,9.0,32.7,True,150.0,근접,40.6,횡단보도행
수원-0338,경기도 수원시 장안구 하률로1번길 6-2,37.30322624,126.9735271,8.0,31.7,True,150.0,동일노선 확장,41.3,횡단보도행
수원-0337,,37.30551528,126.9728188,9.0,43.2,False,180.0,동일노선 확장,0.0,횡단보도행
수원-0336,,37.31207875,126.9782895,7.0,27.7,True,180.0,근접,58.6,횡단보도행
수원-0016,경기도 수원시 장안구 경수대로 1017,37.30642479,127.0002373,7.0,20.5,True,180.0,근접,64.6,횡단보도행
수원-0015,경기도 수원시 장안구 경수대로1043번길 3,37.30752344,126.9978603,7.0,21.9,True,180.0,근접,63.4,횡단보도행
수원-0014,,37.30832892,126.9969754,1.0,10.8,False,180.0,근접,0.0,횡단보도행
수원-0013,경기도 수원시 장안구 파장천로 36,37.30850487,126.9956759,7.0,24.9,True,180.0,동일노선 확장,60.9,횡단보도행
수원-0012,경기도 수원시 장안구 경수대로 1071,37.30866532,126.9950654,7.0,22.3,True,162.5,영통 차로수별 중앙값,54.6,횡단보도행
수원-0011,경기도 수원시 장안구 경수대로 1082,37.30955492,126.9944162,1.0,6.3,False,120.0,영통 차로수별 중앙값,0.0,횡단보도행
수원-0010,경기도 수원시 장안구 경수대로 1093,37.30974607,126.9927447,7.0,23.1,True,180.0,동일노선 확장,62.4,횡단보도행
수원-0009,경기도 수원시 장안구 경수대로 1093,37.30974607,126.9927447,3.0,11.1,False,180.0,동일노선 확장,0.0,횡단보도행
수원-0008,,37.31062979,126.9916029,5.0,17.9,True,180.0,근접,66.8,횡단보도행
수원-0007,,37.31067485,126.991453,7.0,26.2,True,180.0,근접,59.9,횡단보도행
수원-0006,,37.31171829,126.9903169,9.0,30.2,True,180.0,근접,56.6,횡단보도행
수원-0005,,37.31184345,126.9899387,2.0,14.0,False,180.0,근접,0.0,횡단보도행
수원-0004,경기도 수원시 장안구 경수대로 1150,37.31562493,126.9910688,4.0,10.2,True,180.0,근접,73.6,횡단보도행
수원-0003,경기도 수원시 장안구 경수대로 1150,37.31562493,126.9910688,7.0,25.3,True,180.0,근접,60.6,횡단보도행
수원-0002,경기도 수원시 장안구 경수대로 1196,37.3175346,126.9886859,1.0,6.7,False,180.0,근접,0.0,횡단보도행
수원-0001,,37.31842457,126.9884191,9.0,36.6,True,180.0,근접,51.7,횡단보도행
수원-0372,경기도 수원시 권선구 서부로 1433-64,37.23818636,126.9786247,2.0,13.7,True,120.0,영통 차로수별 중앙값,41.1,횡단보도행
수원-0371,경기도 수원시 권선구 서부로 1433-80,37.23853377,126.9777188,2.0,14.6,True,120.0,영통 차로수별 중앙값,40.3,횡단보도행
수원-0370,경기도 수원시 권선구 서부로 1433-100,37.23893279,126.9768384,2.0,12.6,False,120.0,영통 차로수별 중앙값,0.0,횡단보도행
수원-0369,,37.23838571,126.9819496,9.0,30.7,True,160.0,근접,46.7,횡단보도행
수원-0368,경기도 수원시 권선구 산업로 134,37.24099324,126.9794284,5.0,23.9,True,150.0,영통 차로수별 중앙값,47.3,횡단보도행
수원-0367,경기도 수원시 권선구 오목천로152번길 75,37.24181115,126.9791048,5.0,17.7,True,160.0,동일노선 확장,57.2,횡단보도행
수원-0366,,37.24274191,126.9786843,7.0,32.5,False,160.0,동일노선 확장,0.0,횡단보도행
수원-0365,경기도 수원시 권선구 오목천로152번길 29,37.24371041,126.9782822,9.0,33.4,True,162.5,영통 차로수별 중앙값,45.9,횡단보도행
수원-0364,경기도 수원시 권선구 오목천로 161,37.2454392,126.9778531,9.0,31.2,True,160.0,근접,46.4,횡단보도행
수원-0363,경기도 수원시 권선구 매송고색로 662,37.24945546,126.9769571,6.0,28.5,True,180.0,근접,58.0,횡단보도행
수원-0042,경기도 수원시 팔달구 경수대로 514-4,37.27147841,127.0289368,2.0,14.0,False,180.0,근접,0.0,횡단보도행
수원-0041,경기도 수원시 팔달구 경수대로 542,37.27412364,127.0299806,3.0,10.7,False,180.0,근접,0.0,횡단보도행
수원-0040,경기도 수원시 팔달구 장다리로 288,37.27433643,127.0290882,5.0,32.6,True,90.0,근접,14.1,횡단보도행
수원-0039,경기도 수원시 팔달구 경수대로 555,37.2754739,127.029521,5.0,31.8,True,180.0,동일노선 확장,55.4,횡단보도행
수원-0038,경기도 수원시 팔달구 중부대로 130,37.27805563,127.0304637,8.0,33.2,True,180.0,근접,54.3,횡단보도행
수원-0037,경기도 수원시 팔달구 경수대로 593,37.27868699,127.0305613,9.0,33.5,True,180.0,근접,54.1,횡단보도행
수원-0036,경기도 수원시 팔달구 경수대로 599-2,37.27922696,127.0303437,1.0,6.2,False,180.0,근접,0.0,횡단보도행
수원-0035,,37.2799114,127.0300002,1.0,6.6,False,180.0,동일노선 확장,0.0,횡단보도행
수원-0034,경기도 수원시 팔달구 경수대로 617,37.28067615,127.029827,5.0,33.6,True,150.0,영통 차로수별 중앙값,39.9,횡단보도행
수원-0033,경기도 수원시 팔달구 경수대로 617,37.28067615,127.029827,1.0,5.9,True,120.0,영통 차로수별 중앙값,47.8,횡단보도행
수원-0032,경기도 수원시 팔달구 경수대로 657-5,37.28386036,127.0281376,1.0,5.5,True,180.0,동일노선 확장,77.9,횡단보도행
수원-0031,경기도 수원시 팔달구 경수대로 665,37.2845619,127.0277497,7.0,25.3,True,180.0,근접,60.6,횡단보도행
수원-0030,경기도 수원시 팔달구 세지로 393,37.28513169,127.0282312,7.0,22.7,True,180.0,근접,62.8,횡단보도행
수원-0029,,37.28716785,127.0269242,7.0,35.4,False,162.5,영통 차로수별 중앙값,0.0,횡단보도행
수원-0028,,37.28938575,127.0253123,6.0,31.8,True,180.0,동일노선 확장,55.4,횡단보도행
수원-0027,,37.29013884,127.0242428,7.0,30.2,True,162.5,영통 차로수별 중앙값,48.3,횡단보도행
수원-0026,경기도 수원시 장안구 경수대로 769,37.29114905,127.0205219,6.0,25.4,True,180.0,근접,60.5,횡단보도행
수원-0025,경기도 수원시 장안구 경수대로 786,37.29244322,127.0195772,8.0,26.6,True,150.0,근접,45.2,횡단보도행
수원-0024,경기도 수원시 장안구 경수대로 791,37.29257497,127.0185056,8.0,28.8,True,180.0,동일노선 확장,57.8,횡단보도행
수원-0023,,37.29505946,127.0163524,8.0,26.0,True,180.0,근접,60.0,횡단보도행
수원-0022,경기도 수원시 장안구 경수대로 860,37.29756796,127.0141401,8.0,23.8,True,162.5,영통 차로수별 중앙값,53.4,횡단보도행
수원-0021,경기도 수원시 장안구 경수대로 862,37.29778377,127.0140146,7.0,24.9,True,162.5,영통 차로수별 중앙값,52.5,횡단보도행
수원-0020,경기도 수원시 장안구 경수대로 884,37.29940001,127.0124922,7.0,24.6,True,162.5,영통 차로수별 중앙값,52.7,횡단보도행
수원-0019,경기도 수원시 장안구 경수대로 920,37.301642,127.0097133,8.0,31.5,True,160.0,동일노선 확장,46.1,횡단보도행
수원-0018,경기도 수원시 장안구 경수대로 921,37.30146719,127.0088569,7.0,34.1,True,80.0,근접,9.5,횡단보도행
수원-0017,경기도 수원시 장안구 경수대로 979,37.30453778,127.0037817,7.0,22.7,True,180.0,근접,62.8,횡단보도행
수원-0068,경기도 수원시 영통구 창룡대로 263,37.29599326,127.0351369,2.0,9.5,False,120.0,영통 차로수별 중앙값,0.0,횡단보도행
수원-0067,경기도 수원시 영통구 창룡대로 255,37.29557358,127.0360301,4.0,7.3,False,150.0,영통 차로수별 중앙값,0.0,횡단보도행
수원-0066,,37.2977359,127.0400557,12.0,37.6,True,180.0,근접,50.9,횡단보도행
수원-0065,,37.29525573,127.0492033,15.0,45.7,True,180.0,근접,45.0,횡단보도행
수원-0064,,37.29525573,127.0492033,15.0,46.7,True,180.0,근접,44.3,횡단보도행
수원-0063,,37.23376905,127.0199994,1.0,22.2,False,120.0,영통 차로수별 중앙값,0.0,횡단보도행
수원-0062,경기도 수원시 권선구 경수대로 161-7,37.24166478,127.0166414,10.0,32.7,True,180.0,근접,54.7,횡단보도행
수원-0061,경기도 수원시 권선구 경수대로 177,37.24310026,127.0172006,8.0,30.2,True,180.0,근접,56.6,횡단보도행
수원-0060,경기도 수원시 권선구 경수대로 193,37.24447044,127.0172097,7.0,23.1,True,180.0,동일노선 확장,62.4,횡단보도행
수원-0059,경기도 수원시 권선구 경수대로211번길 3,37.24611126,127.0172782,6.0,23.9,True,180.0,근접,61.8,횡단보도행
수원-0058,,37.2483234,127.0174517,8.0,29.0,True,162.5,영통 차로수별 중앙값,49.2,횡단보도행
수원-0057,경기도 수원시 권선구 경수대로 249,37.24971045,127.0179205,11.0,28.1,True,180.0,동일노선 확장,58.3,횡단보도행
수원-0056,경기도 수원시 권선구 경수대로 259,37.25048751,127.0183779,10.0,27.7,True,180.0,근접,58.6,횡단보도행
수원-0055,경기도 수원시 권선구 경수대로 271,37.25150311,127.0190142,10.0,31.6,True,162.5,영통 차로수별 중앙값,47.2,횡단보도행
수원-0054,경기도 수원시 권선구 경수대로 301,37.25396576,127.0203178,7.0,23.0,True,180.0,동일노선 확장,62.5,횡단보도행
수원-0053,경기도 수원시 권선구 세권로 158,37.25609738,127.0213869,7.0,23.6,True,180.0,근접,62.0,횡단보도행
수원-0052,경기도 수원시 권선구 세권로 157,37.25658517,127.0216432,8.0,25.9,True,180.0,근접,60.1,횡단보도행
수원-0051,경기도 수원시 권선구 경수대로 373,37.25984608,127.023348,7.0,39.5,True,180.0,동일노선 확장,49.5,횡단보도행
수원-0050,경기도 수원시 권선구 경수대로 379,37.26038777,127.0235589,8.0,37.8,True,180.0,동일노선 확장,50.8,횡단보도행
수원-0049,경기도 수원시 권선구 경수대로 396-4,37.26143898,127.0249507,1.0,7.6,False,180.0,동일노선 확장,0.0,횡단보도행
수원-0048,경기도 수원시 권선구 경수대로 411,37.26324979,127.0247025,9.0,32.9,True,162.5,영통 차로수별 중앙값,46.2,횡단보도행
수원-0047,경기도 수원시 팔달구 경수대로 419,37.2637103,127.0249026,7.0,41.4,True,180.0,근접,48.1,횡단보도행
수원-0046,경기도 수원시 팔달구 경수대로 472,37.26804772,127.0275822,10.0,30.2,True,162.5,영통 차로수별 중앙값,48.3,횡단보도행
수원-0045,경기도 수원시 팔달구 인계로 91,37.26860733,127.0277704,10.0,35.2,True,162.5,영통 차로수별 중앙값,44.5,횡단보도행
수원-0044,경기도 수원시 팔달구 경수대로 509,37.27145656,127.0279782,8.0,31.5,True,180.0,동일노선 확장,55.6,횡단보도행
수원-0043,경기도 수원시 팔달구 경수대로496번길 11-29,37.27140729,127.0291854,2.0,7.6,False,180.0,근접,0.0,횡단보도행
수원-0095,,37.28243066,126.9719973,10.0,43.4,False,162.5,영통 차로수별 중앙값,0.0,횡단보도행
수원-0094,,37.28348435,126.9699551,10.0,43.8,False,170.0,근접,0.0,횡단보도행
수원-0093,,37.28550907,126.9684207,10.0,45.0,False,180.0,근접,0.0,횡단보도행
수원-0092,,37.28575882,126.9679018,1.0,7.6,False,180.0,근접,0.0,횡단보도행
수원-0091,,37.28686904,126.967153,1.0,4.4,False,120.0,영통 차로수별 중앙값,0.0,횡단보도행
수원-0090,경기도 수원시 팔달구 정조로 830,37.28206606,127.0168343,5.0,15.0,True,150.0,영통 차로수별 중앙값,54.6,횡단보도행
수원-0089,경기도 수원시 팔달구 수원천로 317,37.28166481,127.0179085,4.0,14.7,False,120.0,동일노선 확장,0.0,횡단보도행
수원-0088,경기도 수원시 팔달구 창룡대로 16,37.28169988,127.0185399,5.0,16.6,True,120.0,동일노선 확장,38.7,횡단보도행
수원-0087,경기도 수원시 팔달구 창룡대로 40,37.28247025,127.0209154,6.0,20.1,True,180.0,근접,64.9,횡단보도행
수원-0086,경기도 수원시 팔달구 창룡대로 43,37.28291137,127.0207772,4.0,14.4,True,180.0,근접,69.9,횡단보도행
수원-0085,경기도 수원시 팔달구 창룡대로 61-2,37.28451144,127.0219177,4.0,14.9,True,180.0,근접,69.4,횡단보도행
수원-0084,,37.28784892,127.024098,4.0,14.5,True,180.0,근접,69.8,횡단보도행
수원-0083,,37.28891785,127.025391,4.0,2.65,True,150.0,영통 차로수별 중앙값,65.7,횡단보도행
수원-0082,,37.28938575,127.0253123,8.0,20.2,True,162.5,영통 차로수별 중앙값,56.3,횡단보도행
수원-0081,경기도 수원시 장안구 창룡대로151번길 2,37.29156125,127.0266342,7.0,26.6,True,180.0,근접,59.5,횡단보도행
수원-0080,경기도 수원시 장안구 창룡대로 159,37.29192536,127.0275232,7.0,27.0,True,180.0,동일노선 확장,59.2,횡단보도행
수원-0079,,37.2922079,127.0294267,8.0,24.6,True,180.0,동일노선 확장,61.2,횡단보도행
수원-0078,경기도 수원시 장안구 창룡대로 193,37.29267906,127.0311852,8.0,24.5,True,180.0,근접,61.3,횡단보도행
수원-0077,경기도 수원시 장안구 창룡대로 205,37.29273912,127.0327015,6.0,25.2,True,180.0,동일노선 확장,60.7,횡단보도행
수원-0076,,37.29501522,127.0334261,8.0,28.2,True,162.5,영통 차로수별 중앙값,49.9,횡단보도행
수원-0075,,37.2923497,127.0385302,1.0,4.9,False,120.0,영통 차로수별 중앙값,0.0,횡단보도행
수원-0074,경기도 수원시 영통구 창룡대로 236-31,37.29350278,127.0378033,1.0,18.7,False,120.0,영통 차로수별 중앙값,0.0,횡단보도행
수원-0073,,37.29376517,127.0354186,2.0,22.1,False,180.0,근접,0.0,횡단보도행
수원-0072,경기도 수원시 영통구 창룡대로 255,37.29557358,127.0360301,2.0,19.9,False,120.0,영통 차로수별 중앙값,0.0,횡단보도행
수원-0071,경기도 수원시 영통구 창룡대로 263,37.29599326,127.0351369,2.0,10.0,False,120.0,영통 차로수별 중앙값,0.0,횡단보도행
수원-0070,경기도 수원시 영통구 창룡대로 263,37.29599326,127.0351369,5.0,23.1,False,150.0,영통 차로수별 중앙값,0.0,횡단보도행
수원-0069,경기도 수원시 영통구 창룡대로 263,37.29599326,127.0351369,2.0,8.4,False,120.0,영통 차로수별 중앙값,0.0,횡단보도행
수원-0102,,37.2741241,126.9828509,7.0,27.0,True,180.0,동일노선 확장,59.2,횡단보도행
수원-0101,경기도 수원시 권선구 금호로 261,37.27617999,126.9786003,1.0,6.6,True,170.0,근접,71.9,횡단보도행
수원-0100,,37.27701709,126.9782341,8.0,30.6,False,170.0,근접,0.0,횡단보도행
수원-0099,경기도 수원시 권선구 수인로135번길 22,37.27346795,126.9830946,7.0,23.5,True,180.0,근접,62.1,횡단보도행
수원-0098,,37.27701709,126.9782341,6.0,59.4,False,170.0,근접,0.0,횡단보도행
수원-0097,,37.28090779,126.9740607,9.0,31.4,True,170.0,근접,50.9,횡단보도행
수원-0096,경기도 수원시 권선구 구운로85번길 6,37.28159721,126.9728153,9.0,30.7,True,170.0,근접,51.5,횡단보도행
수원-0129,,37.26092114,127.0043136,2.0,16.1,False,180.0,동일노선 확장,0.0,횡단보도행
수원-0128,,37.26171108,127.0038084,5.0,22.5,True,150.0,영통 차로수별 중앙값,48.4,횡단보도행
수원-0127,경기도 수원시 권선구 덕영대로 960,37.26295997,127.0024306,6.0,40.4,False,162.5,영통 차로수별 중앙값,0.0,횡단보도행
수원-0126,,37.2658468,127.0012247,9.0,35.8,False,180.0,동일노선 확장,0.0,횡단보도행
수원-0125,,37.26862887,126.9995561,8.0,29.9,True,180.0,동일노선 확장,56.9,횡단보도행
수원-0124,,37.27002799,126.9983384,8.0,29.3,True,180.0,근접,57.4,횡단보도행
수원-0123,,37.27292875,126.9969176,9.0,30.8,True,180.0,근접,56.2,횡단보도행
수원-0122,경기도 수원시 팔달구 동말로4번길 22,37.27608118,126.9953169,4.0,39.8,True,180.0,근접,49.3,횡단보도행
수원-0121,,37.28090772,126.991736,9.0,41.7,False,162.5,영통 차로수별 중앙값,0.0,횡단보도행
수원-0120,,37.28165698,126.9913073,10.0,31.6,True,162.5,영통 차로수별 중앙값,47.2,횡단보도행
수원-0119,경기도 수원시 팔달구 덕영대로 695,37.28472217,126.9903294,9.0,33.7,True,150.0,근접,39.8,횡단보도행
수원-0118,,37.28516633,126.9911431,2.0,9.9,False,75.0,근접,0.0,횡단보도행
수원-0117,경기도 수원시 팔달구 수성로157번길 75,37.28937296,126.9877308,8.0,28.6,True,162.5,영통 차로수별 중앙값,49.5,횡단보도행
수원-0116,,37.29165461,126.9837327,10.0,30.2,True,162.5,영통 차로수별 중앙값,48.3,횡단보도행
수원-0115,경기도 수원시 장안구 만석로20번길 28,37.29385892,126.9844114,10.0,32.6,True,90.0,근접,14.1,횡단보도행
수원-0114,경기도 수원시 장안구 덕영대로 559,37.2949624,126.9821256,10.0,32.6,True,162.5,영통 차로수별 중앙값,46.5,횡단보도행
수원-0113,,37.29738408,126.9790246,8.0,38.3,False,150.0,근접,0.0,횡단보도행
수원-0112,,37.29997341,126.9774672,9.0,30.9,True,162.5,영통 차로수별 중앙값,47.8,횡단보도행
수원-0111,,37.30026241,126.9746362,4.0,32.4,True,170.0,근접,50.2,횡단보도행
수원-0110,,37.30026241,126.9746362,5.0,31.9,True,170.0,근접,50.6,횡단보도행
수원-0109,,37.30123545,126.9662253,9.0,29.4,True,160.0,근접,47.7,횡단보도행
수원-0108,,37.301701,126.9631797,5.0,13.8,True,160.0,근접,60.6,횡단보도행
수원-0107,,37.301701,126.9631797,9.0,27.5,True,160.0,근접,49.2,횡단보도행
수원-0106,,37.2703018,126.9959821,7.0,32.4,True,180.0,근접,54.9,횡단보도행
수원-0105,,37.27102917,126.9948095,7.0,26.7,True,180.0,근접,59.5,횡단보도행
수원-0104,,37.27232445,126.9896062,6.0,25.7,True,180.0,동일노선 확장,60.3,횡단보도행
수원-0103,,37.27335927,126.9847115,7.0,26.0,True,170.0,근접,55.2,횡단보도행
수원-0470,경기도 수원시 장안구 하률로1번길 6-2,37.30322624,126.9735271,1.0,7.9,False,120.0,영통 차로수별 중앙값,0.0,횡단보도행
수원-0469,,37.30281527,126.9733137,5.0,18.8,True,150.0,근접,51.4,횡단보도행
수원-0468,경기도 수원시 장안구 천천로21번길 11,37.29340551,126.9869171,6.0,30.6,True,162.5,영통 차로수별 중앙값,48.0,횡단보도행
수원-0467,경기도 수원시 장안구 천천로21번길 11,37.29340551,126.9869171,6.0,20.7,True,162.5,영통 차로수별 중앙값,55.9,횡단보도행
수원-0466,경기도 수원시 장안구 만석로20번길 25,37.2953338,126.9848683,6.0,22.7,True,150.0,근접,48.2,횡단보도행
수원-0465,경기도 수원시 장안구 만석로20번길 25,37.2953338,126.9848683,6.0,22.38,True,150.0,근접,48.5,횡단보도행
수원-0464,경기도 수원시 장안구 만석로20번길 25,37.2953338,126.9848683,6.0,20.6,True,150.0,근접,49.9,횡단보도행
수원-0463,경기도 수원시 장안구 만석로 29,37.29618435,126.9853553,6.0,22.9,True,162.5,영통 차로수별 중앙값,54.1,횡단보도행
수원-0462,경기도 수원시 장안구 만석로 29,37.29618435,126.9853553,5.0,22.1,True,150.0,영통 차로수별 중앙값,48.7,횡단보도행
수원-0461,경기도 수원시 장안구 덕영대로535번길 67,37.29807923,126.9832693,6.0,39.5,True,120.0,근접,22.5,횡단보도행
수원-0460,경기도 수원시 장안구 천천로 94,37.30023576,126.9842445,6.0,18.5,True,150.0,근접,51.7,횡단보도행
수원-0459,경기도 수원시 장안구 천천로 106,37.3009634,126.9836754,6.0,25.5,True,150.0,동일노선 확장,46.0,횡단보도행
수원-0458,경기도 수원시 장안구 정자로41번길 12,37.30115977,126.9819739,6.0,20.1,True,150.0,근접,50.3,횡단보도행
수원-0457,경기도 수원시 장안구 천천로 138,37.30314055,126.9827127,5.0,16.3,True,150.0,근접,53.5,횡단보도행
수원-0456,,37.30362483,126.9811267,5.0,15.79,True,150.0,동일노선 확장,53.9,횡단보도행
수원-0455,,37.30499745,126.9822074,3.0,28.5,True,150.0,근접,43.7,횡단보도행
수원-0454,,37.30508627,126.9820106,5.0,14.8,True,150.0,근접,54.8,횡단보도행
수원-0453,,37.3058802,126.9821102,5.0,17.1,True,150.0,근접,52.8,횡단보도행
수원-0452,,37.31000877,126.9813367,5.0,25.0,True,150.0,영통 차로수별 중앙값,46.4,횡단보도행
수원-0451,경기도 수원시 장안구 천천로 203,37.30674883,126.9764476,1.0,19.2,True,150.0,근접,51.1,횡단보도행
수원-0450,,37.30945453,126.9815286,6.0,21.7,True,162.5,영통 차로수별 중앙값,55.1,횡단보도행
수원-0449,,37.3118146,126.9784215,6.0,9.5,True,180.0,근접,74.3,횡단보도행
수원-0448,경기도 수원시 장안구 팔달로 197,37.28573275,127.0075958,6.0,16.1,True,160.0,동일노선 확장,58.6,횡단보도행
수원-0447,경기도 수원시 장안구 장안로 10,37.28615418,127.0070724,4.0,13.1,True,160.0,동일노선 확장,61.2,횡단보도행
수원-0446,경기도 수원시 장안구 장안로29번길 1,37.2873919,127.0055865,4.0,13.0,True,160.0,동일노선 확장,61.2,횡단보도행
수원-0494,경기도 수원시 장안구 정자로 109-2,37.30265393,126.9889672,2.0,7.6,True,90.0,근접,31.6,횡단보도행
수원-0493,경기도 수원시 장안구 정자로 105,37.30248881,126.9882759,2.0,11.6,False,90.0,근접,0.0,횡단보도행
수원-0492,경기도 수원시 장안구 정자로 102,37.30164982,126.988139,2.0,8.1,False,90.0,동일노선 확장,0.0,횡단보도행
수원-0491,경기도 수원시 장안구 천천로74번길 35,37.3000162,126.986172,3.0,20.9,True,60.0,근접,8.6,횡단보도행
수원-0490,경기도 수원시 장안구 천천로 106,37.3009634,126.9836754,5.0,15.2,True,150.0,동일노선 확장,54.4,횡단보도행
수원-0489,경기도 수원시 장안구 정자로41번길 12,37.30115977,126.9819739,5.0,20.2,True,150.0,근접,50.3,횡단보도행
수원-0488,경기도 수원시 장안구 정자로41번길 12,37.30115977,126.9819739,5.0,16.4,True,150.0,근접,53.4,횡단보도행
수원-0487,경기도 수원시 장안구 정자로 39-1,37.30088078,126.9812726,5.0,19.2,True,80.0,근접,18.1,횡단보도행
수원-0486,경기도 수원시 장안구 정자로 30,37.30030243,126.9802724,4.0,13.6,True,120.0,근접,41.2,횡단보도행
수원-0485,경기도 수원시 장안구 정자로 22,37.30008832,126.9793937,4.0,20.8,True,112.5,동일노선 확장,31.9,횡단보도행
수원-0484,경기도 수원시 장안구 정자로 20,37.30001488,126.9790896,4.0,19.3,True,112.5,동일노선 확장,33.0,횡단보도행
수원-0483,경기도 수원시 장안구 하률로30번길 51-18,37.30002385,126.9770359,6.0,26.8,True,112.5,동일노선 확장,27.5,횡단보도행
수원-0482,,37.30408055,126.9823072,1.0,16.7,False,120.0,영통 차로수별 중앙값,0.0,횡단보도행
수원-0481,경기도 수원시 장안구 천천로 138,37.30314055,126.9827127,5.0,30.3,True,150.0,근접,42.3,횡단보도행
수원-0480,경기도 수원시 장안구 하률로56번길 3,37.30339741,126.9796191,5.0,16.6,True,160.0,근접,58.1,횡단보도행
수원-0479,경기도 수원시 장안구 하률로 51,37.30348342,126.978682,1.0,8.8,True,120.0,영통 차로수별 중앙값,45.2,횡단보도행
수원-0478,경기도 수원시 장안구 하률로 51,37.30348342,126.978682,2.0,7.6,False,120.0,영통 차로수별 중앙값,0.0,횡단보도행
수원-0477,경기도 수원시 장안구 하률로 51-17,37.30330958,126.9780964,5.0,18.4,True,150.0,영통 차로수별 중앙값,51.8,횡단보도행
수원-0476,,37.30321775,126.9777246,1.0,10.7,True,120.0,영통 차로수별 중앙값,43.6,횡단보도행
수원-0475,경기도 수원시 장안구 하률로 41,37.30316317,126.977601,5.0,18.1,True,150.0,영통 차로수별 중앙값,52.0,횡단보도행
수원-0474,,37.30321775,126.9777246,1.0,11.4,True,120.0,영통 차로수별 중앙값,43.0,횡단보도행
수원-0473,경기도 수원시 장안구 하률로 31,37.30297846,126.976598,5.0,16.2,True,120.0,동일노선 확장,39.0,횡단보도행
수원-0472,경기도 수원시 장안구 하률로 13,37.30314122,126.9746786,6.0,20.2,True,120.0,근접,35.9,횡단보도행
수원-0471,경기도 수원시 장안구 하률로 11,37.30314923,126.9744529,6.0,22.0,True,120.0,동일노선 확장,34.5,횡단보도행
수원-0503,경기도 수원시 장안구 파장천로 39,37.30914444,126.9953894,3.0,17.9,True,120.0,영통 차로수별 중앙값,37.7,횡단보도행
수원-0502,경기도 수원시 장안구 파장천로 36,37.30850487,126.9956759,2.0,17.8,True,120.0,영통 차로수별 중앙값,37.8,횡단보도행
수원-0501,경기도 수원시 장안구 파장천로25번길 1,37.30781669,126.9947551,2.0,8.6,True,120.0,영통 차로수별 중앙값,45.4,횡단보도행
수원-0500,경기도 수원시 장안구 파장천로 12,37.30669703,126.9942999,2.0,7.1,False,90.0,동일노선 확장,0.0,횡단보도행
수원-0499,경기도 수원시 장안구 파장로68번길 2,37.30601739,126.9934581,2.0,8.0,True,90.0,근접,31.2,횡단보도행
수원-0498,경기도 수원시 장안구 정자로 169,37.30580935,126.9932903,2.0,8.4,True,90.0,근접,30.9,횡단보도행
수원-0497,경기도 수원시 장안구 정자로 155,37.30491965,126.9926306,3.0,8.2,True,120.0,영통 차로수별 중앙값,45.8,횡단보도행
수원-0496,경기도 수원시 장안구 정자로 149,37.30451576,126.9922157,3.0,10.1,True,150.0,근접,58.9,횡단보도행
수원-0495,경기도 수원시 장안구 정자로130번길 3,37.3029882,126.991233,2.0,7.1,False,90.0,근접,0.0,횡단보도행
수원-0583,경기도 수원시 장안구 수일로 185,37.30846738,127.0101655,5.0,15.3,True,150.0,영통 차로수별 중앙값,54.4,횡단보도행
수원-0760,경기도 수원시 팔달구 고등로59번길 63,37.27623166,127.0031892,4.0,14.7,True,165.0,동일노선 확장,62.2,횡단보도행
수원-0676,,37.29662945,127.0205646,4.0,12.7,True,160.0,근접,61.5,횡단보도행
수원-0675,,37.29605539,127.0183991,4.0,13.5,True,90.0,근접,26.8,횡단보도행
수원-0674,경기도 수원시 장안구 경수대로 824,37.29506396,127.0167963,4.0,21.6,True,180.0,근접,63.7,횡단보도행
수원-0673,경기도 수원시 장안구 수성로 406,37.29470966,127.0161216,5.0,24.0,True,180.0,근접,61.7,횡단보도행
수원-0672,경기도 수원시 장안구 수성로 398-2,37.29452569,127.0152202,1.0,4.4,False,120.0,영통 차로수별 중앙값,0.0,횡단보도행
수원-0671,,37.2948769,127.015139,1.0,10.4,False,120.0,영통 차로수별 중앙값,0.0,횡단보도행
수원-0670,경기도 수원시 장안구 수성로394번길 4,37.29434375,127.0148152,1.0,6.7,False,120.0,영통 차로수별 중앙값,0.0,횡단보도행
수원-0669,경기도 수원시 장안구 수성로 392-1,37.29427109,127.0146803,1.0,8.9,False,120.0,영통 차로수별 중앙값,0.0,횡단보도행
수원-0668,경기도 수원시 장안구 수성로 382,37.29397816,127.0136018,5.0,15.7,True,150.0,영통 차로수별 중앙값,54.0,횡단보도행
수원-0667,경기도 수원시 장안구 정조로 962,37.29318468,127.0113364,5.0,22.6,True,150.0,근접,48.3,횡단보도행
수원-0666,경기도 수원시 장안구 정조로 959-2,37.29278728,127.0111472,5.0,18.8,True,150.0,근접,51.4,횡단보도행
수원-0665,경기도 수원시 장안구 정조로 959-2,37.29278728,127.0111472,5.0,15.1,True,150.0,근접,54.5,횡단보도행
수원-0664,경기도 수원시 장안구 수성로 323,37.292276,127.0074048,5.0,15.5,True,150.0,동일노선 확장,54.2,횡단보도행
수원-0663,경기도 수원시 장안구 수성로 319,37.29218422,127.0070105,5.0,16.7,True,150.0,영통 차로수별 중앙값,53.2,횡단보도행
수원-0662,경기도 수원시 장안구 수성로 305,37.29162874,127.0056603,3.0,11.3,False,150.0,근접,0.0,횡단보도행
수원-0661,경기도 수원시 장안구 수성로 304,37.29116829,127.0054828,5.0,14.8,True,150.0,근접,54.8,횡단보도행
수원-0660,경기도 수원시 장안구 장안로 72,37.29092501,127.0033521,5.0,17.4,True,150.0,영통 차로수별 중앙값,52.6,횡단보도행
수원-0659,경기도 수원시 장안구 수성로262번길 3,37.28986254,127.0014863,6.0,17.6,True,150.0,근접,52.4,횡단보도행
수원-0658,경기도 수원시 장안구 수성로262번길 3,37.28986254,127.0014863,5.0,14.1,True,150.0,근접,55.4,횡단보도행
수원-0657,경기도 수원시 장안구 수성로 255,37.2898668,127.0003581,4.0,15.8,True,150.0,근접,53.9,횡단보도행
수원-0656,,37.28938286,127.0005025,1.0,10.4,False,150.0,근접,0.0,횡단보도행
수원-0655,,37.28938286,127.0005025,1.0,6.2,False,150.0,근접,0.0,횡단보도행
수원-0654,,37.28938286,127.0005025,1.0,7.4,False,150.0,근접,0.0,횡단보도행
수원-0653,,37.28932337,126.9992465,6.0,23.1,True,150.0,근접,47.9,횡단보도행
수원-0652,,37.28890826,126.9976601,7.0,22.9,True,150.0,근접,48.1,횡단보도행
수원-0682,경기도 수원시 장안구 조원로 99-1,37.30147429,127.0149554,2.0,1.6,False,90.0,근접,0.0,횡단보도행
수원-0681,경기도 수원시 장안구 조원로 99-2,37.30159091,127.0148138,2.0,1.9,False,90.0,근접,0.0,횡단보도행
수원-0680,경기도 수원시 장안구 조원로 107,37.30208389,127.0141336,2.0,5.8,True,90.0,근접,33.1,횡단보도행
수원-0679,경기도 수원시 장안구 조원로112번길 1,37.30249833,127.0140858,2.0,6.3,True,90.0,근접,32.7,횡단보도행
수원-0678,경기도 수원시 장안구 금당로 2,37.30350317,127.0129397,2.0,5.6,True,120.0,영통 차로수별 중앙값,48.1,횡단보도행
수원-0677,경기도 수원시 장안구 금당로9번길 60,37.30399823,127.0122368,4.0,13.9,True,150.0,영통 차로수별 중앙값,55.6,횡단보도행
수원-0584,,37.30761808,127.0113154,6.0,16.7,True,112.5,동일노선 확장,35.0,횡단보도행
수원-0787,경기도 수원시 팔달구 동말로 3,37.27714253,126.9947797,1.0,3.4,False,120.0,영통 차로수별 중앙값,0.0,횡단보도행
수원-0153,,37.24465642,127.0440533,11.0,40.5,True,180.0,동일노선 확장,48.8,횡단보도행
수원-0152,,37.24471059,127.043749,11.0,40.5,True,180.0,동일노선 확장,48.8,횡단보도행
수원-0151,경기도 수원시 권선구 덕영대로 1357,37.24558411,127.038806,13.0,58.7,False,105.0,동일노선 확장,0.0,횡단보도행
수원-0150,,37.24507567,127.0377098,13.0,52.5,False,105.0,근접,0.0,횡단보도행
수원-0149,경기도 수원시 권선구 곡반정로 202,37.24547196,127.0354805,12.0,64.1,False,180.0,근접,0.0,횡단보도행
수원-0148,,37.24613291,127.0333527,12.0,33.5,True,162.5,영통 차로수별 중앙값,45.8,횡단보도행
수원-0147,경기도 수원시 권선구 덕영대로 1292,37.24626137,127.0316571,11.0,32.5,True,162.5,영통 차로수별 중앙값,46.6,횡단보도행
수원-0146,,37.24701883,127.0287486,12.0,43.2,True,162.5,영통 차로수별 중앙값,38.8,횡단보도행
수원-0145,,37.24753698,127.026406,11.0,41.6,True,162.5,영통 차로수별 중앙값,39.9,횡단보도행
수원-0144,경기도 수원시 권선구 덕영대로 1205,37.24926051,127.0225577,6.0,40.0,True,180.0,동일노선 확장,49.1,횡단보도행
수원-0143,,37.2491398,127.0209377,8.0,42.5,True,180.0,근접,47.3,횡단보도행
수원-0142,경기도 수원시 권선구 덕영대로 1176,37.24919096,127.0187357,9.0,40.4,True,162.5,영통 차로수별 중앙값,40.8,횡단보도행
수원-0141,경기도 수원시 권선구 경수대로 249,37.24971045,127.0179205,9.0,39.9,True,162.5,영통 차로수별 중앙값,41.1,횡단보도행
수원-0140,경기도 수원시 권선구 장다리로 1,37.25101455,127.0172018,7.0,40.7,True,180.0,근접,48.6,횡단보도행
수원-0139,경기도 수원시 권선구 덕영대로 1126,37.25189524,127.0143433,10.0,40.0,True,162.5,영통 차로수별 중앙값,41.0,횡단보도행
수원-0138,경기도 수원시 권선구 덕영대로 1113-10,37.25283081,127.0138863,1.0,5.8,False,120.0,영통 차로수별 중앙값,0.0,횡단보도행
수원-0137,경기도 수원시 권선구 덕영대로 1113-4,37.25295594,127.0136261,1.0,6.0,False,120.0,영통 차로수별 중앙값,0.0,횡단보도행
수원-0136,경기도 수원시 권선구 덕영대로 1105,37.25337639,127.0128453,6.0,19.8,True,180.0,동일노선 확장,65.2,횡단보도행
수원-0135,경기도 수원시 권선구 덕영대로 1094,37.25337077,127.0114809,8.0,21.1,True,180.0,근접,64.1,횡단보도행
수원-0134,경기도 수원시 권선구 덕영대로 1090,37.25371101,127.0109262,7.0,20.6,True,180.0,동일노선 확장,64.5,횡단보도행
수원-0133,경기도 수원시 권선구 덕영대로1049번길 2,37.25624951,127.0079214,2.0,12.8,False,180.0,동일노선 확장,0.0,횡단보도행
수원-0132,,37.25654811,127.0071111,6.0,20.4,True,180.0,근접,64.7,횡단보도행
수원-0131,경기도 수원시 권선구 덕영대로 1017,37.25846701,127.0057756,4.0,15.3,True,150.0,영통 차로수별 중앙값,54.4,횡단보도행
수원-0130,경기도 수원시 권선구 덕영대로 1003,37.25961799,127.0050996,1.0,12.6,False,180.0,근접,0.0,횡단보도행
수원-0178,경기도 수원시 장안구 경수대로 893,37.29798904,127.0113341,5.0,19.1,True,150.0,영통 차로수별 중앙값,51.2,횡단보도행
수원-0177,경기도 수원시 장안구 경수대로 893,37.29798904,127.0113341,6.0,19.9,True,162.5,영통 차로수별 중앙값,56.6,횡단보도행
수원-0176,경기도 수원시 장안구 송원로 32,37.29810497,127.0066785,8.0,22.3,True,150.0,근접,48.6,횡단보도행
수원-0175,,37.29910741,127.0066152,4.0,15.7,True,160.0,근접,58.9,횡단보도행
수원-0174,경기도 수원시 장안구 정조로 1051,37.29952385,127.0054055,4.0,13.1,True,160.0,동일노선 확장,61.2,횡단보도행
수원-0173,,37.29999308,127.0056304,1.0,4.9,False,120.0,동일노선 확장,0.0,횡단보도행
수원-0172,,37.29999308,127.0056304,1.0,4.8,False,120.0,동일노선 확장,0.0,횡단보도행
수원-0171,경기도 수원시 장안구 정조로1053번길 36,37.29925447,127.0034947,4.0,14.7,True,150.0,영통 차로수별 중앙값,54.9,횡단보도행
수원-0170,경기도 수원시 장안구 정조로1088번길 6-6,37.3022284,127.0033455,4.0,14.1,True,90.0,근접,26.4,횡단보도행
수원-0169,,37.30201165,127.003049,4.0,16.5,True,90.0,근접,24.6,횡단보도행
수원-0168,경기도 수원시 장안구 정조로 1094-2,37.30266713,127.002643,4.0,15.3,True,90.0,근접,25.5,횡단보도행
수원-0167,경기도 수원시 장안구 정조로 1094-2,37.30266713,127.002643,1.0,9.8,False,90.0,근접,0.0,횡단보도행
수원-0166,경기도 수원시 장안구 만석로 198,37.30397609,127.0009644,4.0,17.2,True,160.0,근접,57.6,횡단보도행
수원-0165,경기도 수원시 영통구 봉영로1492번길 5,37.24604076,127.0666307,6.0,35.8,True,162.5,영통 차로수별 중앙값,44.1,횡단보도행
수원-0164,경기도 수원시 영통구 봉영로1517번길 27,37.24814296,127.0671599,8.0,44.5,True,160.0,근접,36.8,횡단보도행
수원-0163,경기도 수원시 영통구 덕영대로 1570,37.24539693,127.0627669,10.0,46.1,False,162.5,영통 차로수별 중앙값,0.0,횡단보도행
수원-0162,,37.24572066,127.0617865,13.0,46.1,True,162.5,영통 차로수별 중앙값,36.8,횡단보도행
수원-0161,,37.24563884,127.0602835,12.0,40.1,True,162.5,영통 차로수별 중앙값,41.0,횡단보도행
수원-0160,경기도 수원시 영통구 영통로200번길 1,37.24474817,127.0583396,13.0,36.9,True,180.0,동일노선 확장,51.5,횡단보도행
수원-0159,경기도 수원시 영통구 덕영대로 1515,37.24617508,127.0566513,12.0,39.3,True,180.0,근접,49.7,횡단보도행
수원-0158,,37.24541381,127.0532386,11.0,33.3,True,180.0,동일노선 확장,54.2,횡단보도행
수원-0157,,37.245029,127.0508383,11.0,40.5,True,180.0,근접,48.8,횡단보도행
수원-0156,,37.24510487,127.0496437,13.0,38.7,True,180.0,동일노선 확장,50.1,횡단보도행
수원-0155,,37.24498854,127.0475586,13.0,36.8,True,180.0,동일노선 확장,51.5,횡단보도행
수원-0154,,37.24493474,127.0469237,12.0,45.8,True,162.5,영통 차로수별 중앙값,37.0,횡단보도행
수원-0582,,37.30751003,127.0100334,4.0,24.7,False,150.0,영통 차로수별 중앙값,0.0,횡단보도행
수원-0581,경기도 수원시 장안구 경수대로976번길 22,37.30632759,127.0047182,4.0,14.8,True,150.0,영통 차로수별 중앙값,54.8,횡단보도행
수원-0580,경기도 수원시 장안구 수일로 150,37.30709739,127.0058298,4.0,13.1,True,150.0,영통 차로수별 중앙값,56.2,횡단보도행
수원-0579,경기도 수원시 장안구 수일로 135,37.30880354,127.0064619,4.0,13.2,True,120.0,근접,41.5,횡단보도행
수원-0578,,37.30854857,127.0041115,4.0,18.5,True,105.0,근접,30.1,횡단보도행
수원-0577,,37.30887403,127.0039573,2.0,6.2,True,105.0,근접,40.1,횡단보도행
수원-0576,경기도 수원시 장안구 수일로 102,37.30927084,127.0018209,2.0,6.7,False,120.0,영통 차로수별 중앙값,0.0,횡단보도행
수원-0575,,37.30985354,127.0012514,2.0,6.1,False,120.0,영통 차로수별 중앙값,0.0,횡단보도행
수원-0574,경기도 수원시 장안구 수일로 85,37.31081695,127.0008063,2.0,6.4,False,120.0,영통 차로수별 중앙값,0.0,횡단보도행
수원-0573,경기도 수원시 장안구 파장천로 74,37.31109637,126.9986716,2.0,7.0,False,100.0,근접,0.0,횡단보도행
수원-0572,,37.31121924,126.9977832,1.0,7.2,False,100.0,근접,0.0,횡단보도행
수원-0571,,37.31000766,126.9932555,1.0,6.0,False,120.0,영통 차로수별 중앙값,0.0,횡단보도행
수원-0570,,37.29731956,126.9977278,7.0,25.9,True,150.0,근접,45.7,횡단보도행
수원-0569,경기도 수원시 장안구 정자천로189번길 12,37.29719913,126.9959882,7.0,23.0,True,162.5,영통 차로수별 중앙값,54.0,횡단보도행
수원-0568,경기도 수원시 장안구 정자천로 187,37.29656138,126.9954622,6.0,30.9,False,162.5,영통 차로수별 중앙값,0.0,횡단보도행
수원-0567,,37.29470635,126.9937242,6.0,26.0,True,150.0,동일노선 확장,45.6,횡단보도행
수원-0566,,37.29470635,126.9937242,6.0,19.4,True,150.0,동일노선 확장,50.9,횡단보도행
수원-0565,경기도 수원시 장안구 정자천로133번길 26,37.29513661,126.9911166,6.0,24.8,True,130.0,근접,37.1,횡단보도행
수원-0564,경기도 수원시 장안구 천천로74번길 50,37.29693844,126.9870001,6.0,24.0,True,150.0,근접,47.2,횡단보도행
수원-0563,경기도 수원시 장안구 천천로74번길 50,37.29693844,126.9870001,7.0,26.6,True,150.0,근접,45.2,횡단보도행
수원-0562,경기도 수원시 장안구 천천로21번길 11,37.29340551,126.9869171,7.0,28.6,True,162.5,영통 차로수별 중앙값,49.5,횡단보도행
수원-0561,경기도 수원시 장안구 덕영대로 623,37.29073825,126.986498,5.0,32.5,True,150.0,영통 차로수별 중앙값,40.7,횡단보도행
수원-0560,,37.29058592,126.9839247,4.0,27.7,True,120.0,근접,30.3,횡단보도행
수원-0559,경기도 수원시 팔달구 정자천로32번길 11,37.28933731,126.9819941,8.0,24.8,True,150.0,동일노선 확장,46.6,횡단보도행
수원-0558,경기도 수원시 팔달구 정자천로32번길 20,37.28814171,126.9799879,7.0,24.8,True,162.5,영통 차로수별 중앙값,52.6,횡단보도행
수원-0184,경기도 수원시 장안구 정조로 938,37.29127941,127.0127139,5.0,17.6,True,150.0,근접,52.4,횡단보도행
수원-0183,경기도 수원시 장안구 정조로 946,37.29189067,127.0123038,5.0,17.9,True,160.0,근접,57.0,횡단보도행
수원-0182,경기도 수원시 장안구 정조로 962,37.29318468,127.0113364,5.0,17.2,True,150.0,근접,52.8,횡단보도행
수원-0181,경기도 수원시 장안구 정조로 966,37.29351688,127.0110184,5.0,21.7,True,150.0,근접,49.0,횡단보도행
수원-0180,경기도 수원시 장안구 정조로 989,37.29512257,127.0091351,6.0,28.5,True,150.0,동일노선 확장,43.7,횡단보도행
수원-0179,경기도 수원시 장안구 송정로 113,37.29579126,127.0095369,6.0,22.0,True,150.0,근접,48.8,횡단보도행
수원-0759,,37.27651499,127.0032642,5.0,15.5,True,150.0,영통 차로수별 중앙값,54.2,횡단보도행
수원-0758,경기도 수원시 팔달구 동말로 84,37.27862071,127.003275,5.0,16.8,True,80.0,근접,19.7,횡단보도행
수원-0757,경기도 수원시 팔달구 팔달로 115,37.27897352,127.0035773,5.0,18.5,True,150.0,영통 차로수별 중앙값,51.7,횡단보도행
수원-0756,경기도 수원시 팔달구 팔달로 128,37.27975271,127.004531,5.0,14.9,True,150.0,영통 차로수별 중앙값,54.7,횡단보도행
수원-0755,경기도 수원시 팔달구 팔달로141번길 4,37.28125039,127.0048596,4.0,14.5,True,150.0,영통 차로수별 중앙값,55.0,횡단보도행
수원-0754,경기도 수원시 팔달구 고화로 147-1,37.28255482,127.0063965,5.0,16.3,True,150.0,영통 차로수별 중앙값,53.5,횡단보도행
수원-0753,,37.2830973,127.006742,6.0,22.1,True,162.5,영통 차로수별 중앙값,54.8,횡단보도행
수원-0752,,37.28512276,127.0075273,8.0,27.8,True,150.0,근접,44.2,횡단보도행
수원-0751,,37.28570582,127.0084071,5.0,19.0,True,155.0,동일노선 확장,53.7,횡단보도행
수원-0750,,37.28632017,127.0094317,4.0,15.0,True,155.0,근접,57.1,횡단보도행
수원-0749,경기도 수원시 장안구 팔달로 235,37.28773847,127.0108978,4.0,15.0,True,150.0,근접,54.6,횡단보도행
수원-0198,경기도 수원시 팔달구 정조로 758,37.27557621,127.0168758,5.0,10.3,True,140.0,동일노선 확장,53.8,횡단보도행
수원-0197,경기도 수원시 팔달구 정조로 766,37.27639655,127.0168931,5.0,14.8,True,140.0,근접,49.9,횡단보도행
수원-0196,경기도 수원시 팔달구 정조로 788,37.27832603,127.0170162,4.0,14.63,True,150.0,근접,54.9,횡단보도행
수원-0195,경기도 수원시 팔달구 정조로800번길 2,37.27943425,127.0168963,4.0,15.7,True,140.0,근접,49.1,횡단보도행
수원-0194,경기도 수원시 팔달구 정조로 824,37.28156176,127.0169504,6.0,22.8,True,162.5,영통 차로수별 중앙값,54.2,횡단보도행
수원-0193,경기도 수원시 팔달구 정조로 830,37.28206606,127.0168343,6.0,18.6,True,150.0,동일노선 확장,51.6,횡단보도행
수원-0192,,37.28323241,127.0164473,1.0,5.2,False,150.0,근접,0.0,횡단보도행
수원-0191,경기도 수원시 팔달구 정조로 843,37.28335211,127.0161154,5.0,15.4,True,150.0,근접,54.3,횡단보도행
수원-0190,경기도 수원시 팔달구 정조로 863,37.28501701,127.0154617,4.0,14.3,True,150.0,근접,55.2,횡단보도행
수원-0189,경기도 수원시 팔달구 정조로 873,37.28589971,127.0152981,5.0,15.2,True,150.0,근접,54.4,횡단보도행
수원-0188,경기도 수원시 팔달구 정조로 890,37.28744969,127.0152023,4.0,14.3,True,150.0,근접,55.2,횡단보도행
수원-0187,,37.28924001,127.0145313,5.0,18.8,True,160.0,근접,56.3,횡단보도행
수원-0186,경기도 수원시 장안구 정조로 914,37.28950891,127.0139888,6.0,17.7,True,160.0,근접,57.2,횡단보도행
수원-0185,경기도 수원시 장안구 정조로933번길 3,37.29068386,127.0125598,7.0,20.2,True,150.0,근접,50.3,횡단보도행
수원-1222,,37.23313643,127.0203374,6.0,14.7,True,120.0,근접,40.3,횡단보도행
수원-1221,경기도 수원시 권선구 동수원로25번길 32-52,37.23760625,127.0250249,8.0,31.3,True,162.5,영통 차로수별 중앙값,47.5,횡단보도행
수원-1220,경기도 수원시 권선구 곡선로 34,37.23910659,127.0282589,9.0,32.5,True,180.0,근접,54.8,횡단보도행
수원-1219,,37.23978284,127.0285086,9.0,30.3,True,180.0,근접,56.6,횡단보도행
수원-1218,,37.24063372,127.0292077,6.0,23.1,True,180.0,근접,62.4,횡단보도행
수원-1217,,37.24301794,127.0308182,9.0,26.5,True,162.5,영통 차로수별 중앙값,51.2,횡단보도행
수원-1216,경기도 수원시 권선구 동수원로146번길 9,37.2432277,127.0309618,9.0,30.7,True,162.5,영통 차로수별 중앙값,47.9,횡단보도행
수원-1215,경기도 수원시 권선구 동수원로146번길 43,37.24459513,127.0317312,7.0,27.1,True,180.0,근접,59.1,횡단보도행
수원-1214,경기도 수원시 권선구 덕영대로 1292,37.24626137,127.0316571,9.0,24.2,True,180.0,동일노선 확장,61.5,횡단보도행
수원-1213,경기도 수원시 권선구 덕영대로1323번길 25-33,37.2476202,127.0340391,9.0,21.6,True,180.0,근접,63.7,횡단보도행
수원-1212,경기도 수원시 권선구 덕영대로1323번길 25-30,37.24810467,127.033795,8.0,24.0,True,180.0,근접,61.7,횡단보도행
수원-1211,경기도 수원시 권선구 동수원로 220,37.24933324,127.0340248,8.0,26.7,True,180.0,동일노선 확장,59.5,횡단보도행
수원-1210,경기도 수원시 권선구 덕영대로1323번길 25-8,37.24778699,127.0350829,2.0,10.2,False,150.0,근접,0.0,횡단보도행
수원-1209,경기도 수원시 권선구 덕영대로1323번길 25-8,37.24778699,127.0350829,2.0,7.5,False,150.0,근접,0.0,횡단보도행
수원-1208,경기도 수원시 권선구 덕영대로1323번길 25-8,37.24778699,127.0350829,2.0,7.9,False,150.0,근접,0.0,횡단보도행
수원-0815,경기도 수원시 팔달구 향교로 37,37.26908213,127.0049844,2.0,10.7,False,120.0,영통 차로수별 중앙값,0.0,횡단보도행
수원-0814,경기도 수원시 팔달구 갓매산로 53,37.26924215,127.0044532,2.0,9.5,False,120.0,영통 차로수별 중앙값,0.0,횡단보도행
수원-0813,경기도 수원시 팔달구 갓매산로55번길 4,37.26942181,127.0043054,2.0,9.4,False,120.0,영통 차로수별 중앙값,0.0,횡단보도행
수원-0812,,37.26997089,127.0041214,2.0,8.8,False,120.0,영통 차로수별 중앙값,0.0,횡단보도행
수원-0811,경기도 수원시 팔달구 갓매산로 86,37.27028482,127.0016041,5.0,12.4,False,150.0,영통 차로수별 중앙값,0.0,횡단보도행
수원-0810,경기도 수원시 팔달구 팔달로 18,37.27045252,127.0007571,3.0,17.9,True,180.0,근접,66.8,횡단보도행
수원-0809,경기도 수원시 팔달구 고등로84번길 4,37.27331552,127.0063892,2.0,10.6,False,120.0,영통 차로수별 중앙값,0.0,횡단보도행
수원-0808,,37.27327439,127.0056742,2.0,10.8,False,120.0,영통 차로수별 중앙값,0.0,횡단보도행
수원-0807,경기도 수원시 팔달구 고등로 70,37.2732547,127.0047766,2.0,10.4,False,120.0,영통 차로수별 중앙값,0.0,횡단보도행
수원-0806,경기도 수원시 팔달구 고등로 62,37.27317872,127.0038522,4.0,11.6,False,150.0,영통 차로수별 중앙값,0.0,횡단보도행
수원-1230,경기도 수원시 팔달구 경수대로 471,37.2682517,127.0267463,7.0,20.6,True,180.0,동일노선 확장,64.5,횡단보도행
수원-1229,,37.26857195,127.0263254,5.0,21.1,True,180.0,근접,64.1,횡단보도행
수원-1228,경기도 수원시 팔달구 장다리로 215,37.26906712,127.0255344,6.0,20.4,True,180.0,근접,64.7,횡단보도행
수원-1227,경기도 수원시 팔달구 인계로 52,37.26906707,127.0232786,6.0,23.1,True,180.0,근접,62.4,횡단보도행
수원-1226,,37.26953459,127.0229868,6.0,22.0,True,180.0,근접,63.3,횡단보도행
수원-1225,,37.26956974,127.0221002,5.0,16.6,True,180.0,동일노선 확장,67.9,횡단보도행
수원-1224,,37.27004424,127.0203732,5.0,16.8,True,180.0,근접,67.8,횡단보도행
수원-1223,,37.2707811,127.0179133,5.0,23.5,True,150.0,근접,47.6,횡단보도행
수원-0842,경기도 수원시 팔달구 경수대로 420,37.26364185,127.0258165,10.0,39.4,True,180.0,동일노선 확장,49.6,횡단보도행
수원-0841,경기도 수원시 팔달구 경수대로 419,37.2637103,127.0249026,5.0,19.2,True,180.0,근접,65.7,횡단보도행
수원-0840,경기도 수원시 권선구 효원로 200,37.26351644,127.0237647,5.0,16.6,True,180.0,근접,67.9,횡단보도행
수원-0839,경기도 수원시 권선구 효원로 198,37.26364136,127.0234481,5.0,17.2,True,180.0,동일노선 확장,67.4,횡단보도행
수원-0838,경기도 수원시 권선구 효원로 174,37.26427951,127.0207599,5.0,17.3,True,180.0,근접,67.3,횡단보도행
수원-0837,경기도 수원시 권선구 효원로 172,37.26438617,127.0204075,6.0,18.0,True,180.0,근접,66.7,횡단보도행
수원-0836,,37.26486804,127.0185071,4.0,13.0,True,180.0,근접,71.1,횡단보도행
수원-0835,,37.26519593,127.0163426,1.0,4.2,False,180.0,동일노선 확장,0.0,횡단보도행
수원-0834,,37.26560201,127.0160214,5.0,20.5,True,180.0,근접,64.6,횡단보도행
수원-0833,경기도 수원시 팔달구 정조로 635,37.26536644,127.0154072,5.0,15.3,True,180.0,근접,69.1,횡단보도행
수원-0832,경기도 수원시 권선구 수원천로 125,37.26573845,127.0137992,4.0,13.7,True,180.0,근접,70.5,횡단보도행
수원-0831,,37.26640509,127.0121152,6.0,20.2,True,180.0,근접,64.9,횡단보도행
수원-0830,,37.26751349,127.0102093,5.0,15.6,True,150.0,근접,54.1,횡단보도행
수원-0829,,37.26795028,127.0095227,5.0,16.0,True,150.0,근접,53.8,횡단보도행
수원-0828,,37.26927061,127.0088024,7.0,16.8,True,150.0,근접,53.1,횡단보도행
수원-0827,,37.26962197,127.0089068,6.0,17.0,True,150.0,근접,52.9,횡단보도행
수원-0826,경기도 수원시 팔달구 효원로 34,37.27055827,127.0087983,4.0,15.0,True,75.0,근접,18.7,횡단보도행
수원-0825,,37.27184469,127.0090194,4.0,14.3,False,150.0,영통 차로수별 중앙값,0.0,횡단보도행
수원-0824,,37.27343805,127.0094071,2.0,11.5,False,120.0,영통 차로수별 중앙값,0.0,횡단보도행
수원-0823,,37.26997089,127.0041214,2.0,10.2,False,120.0,영통 차로수별 중앙값,0.0,횡단보도행
수원-0822,경기도 수원시 팔달구 고매로19번길 4,37.27145258,127.004935,2.0,8.0,False,120.0,영통 차로수별 중앙값,0.0,횡단보도행
수원-0821,경기도 수원시 팔달구 고화로 43,37.27315224,127.0061421,2.0,8.6,False,120.0,영통 차로수별 중앙값,0.0,횡단보도행
수원-0820,경기도 수원시 팔달구 세류로 71,37.26563412,127.0081874,2.0,15.6,True,120.0,영통 차로수별 중앙값,39.5,횡단보도행
수원-0819,,37.26701811,127.0059823,2.0,10.6,False,120.0,영통 차로수별 중앙값,0.0,횡단보도행
수원-0818,경기도 수원시 팔달구 갓매산로 38,37.26787707,127.0056577,2.0,23.0,True,120.0,영통 차로수별 중앙값,33.8,횡단보도행
수원-0817,경기도 수원시 팔달구 갓매산로 43,37.26831615,127.0050345,2.0,9.8,True,120.0,영통 차로수별 중앙값,44.4,횡단보도행
수원-0816,경기도 수원시 팔달구 향교로 36,37.26875782,127.0050316,2.0,10.5,False,120.0,영통 차로수별 중앙값,0.0,횡단보도행
수원-0869,경기도 수원시 권선구 세류로 36,37.26213489,127.0077478,4.0,12.3,True,90.0,근접,27.8,횡단보도행
수원-0868,,37.2626491,127.0077456,4.0,12.2,True,90.0,근접,27.8,횡단보도행
수원-0867,,37.26354007,127.007836,4.0,15.6,True,180.0,근접,68.8,횡단보도행
수원-0866,,37.26388628,127.0077295,5.0,17.3,True,180.0,근접,67.3,횡단보도행
수원-0865,경기도 수원시 권선구 세류로 59,37.26461455,127.0079459,4.0,13.7,True,120.0,근접,41.1,횡단보도행
수원-0864,,37.26496905,127.0080279,4.0,13.1,True,120.0,근접,41.6,횡단보도행
수원-0863,경기도 수원시 팔달구 세류로 71,37.26563412,127.0081874,3.0,9.2,True,120.0,동일노선 확장,44.9,횡단보도행
수원-0862,,37.26581966,127.0083159,2.0,8.0,True,120.0,근접,45.9,횡단보도행
수원-0861,경기도 수원시 팔달구 세류로 77-1,37.26625832,127.0087247,2.0,7.3,True,120.0,근접,46.6,횡단보도행
수원-0860,경기도 수원시 팔달구 세류로 93-1,37.26741595,127.0096533,3.0,6.7,True,150.0,근접,61.9,횡단보도행
수원-0859,,37.26785899,127.0099035,2.0,7.1,True,150.0,근접,61.6,횡단보도행
수원-0858,,37.26971196,127.0108642,2.0,6.6,False,120.0,영통 차로수별 중앙값,0.0,횡단보도행
수원-0857,,37.27014257,127.010882,2.0,16.1,False,150.0,근접,0.0,횡단보도행
수원-0856,,37.2595236,127.0490344,7.0,21.4,True,162.5,영통 차로수별 중앙값,55.3,횡단보도행
수원-0855,경기도 수원시 영통구 효원로 407,37.25959894,127.0465469,8.0,23.9,True,180.0,동일노선 확장,61.8,횡단보도행
수원-0854,경기도 수원시 영통구 효원로 397,37.25905754,127.0451632,8.0,26.8,True,180.0,동일노선 확장,59.4,횡단보도행
수원-0853,경기도 수원시 영통구 효원로 381,37.25932976,127.0433105,9.0,33.5,True,162.5,영통 차로수별 중앙값,45.8,횡단보도행
수원-0852,경기도 수원시 영통구 효원로 374,37.25881232,127.0423453,8.0,33.0,True,123.0,근접,28.0,횡단보도행
수원-0851,경기도 수원시 영통구 효원로 364,37.25913206,127.0411142,8.0,27.9,True,180.0,동일노선 확장,58.5,횡단보도행
수원-0850,경기도 수원시 영통구 효원로 337,37.26073838,127.0392662,8.0,23.2,True,162.5,영통 차로수별 중앙값,53.9,횡단보도행
수원-0849,,37.25972525,127.0374114,9.0,23.3,True,162.5,영통 차로수별 중앙값,53.8,횡단보도행
수원-0848,,37.25972525,127.0374114,8.0,48.7,False,162.5,영통 차로수별 중앙값,0.0,횡단보도행
수원-0847,,37.25972525,127.0374114,8.0,37.9,True,162.5,영통 차로수별 중앙값,42.6,횡단보도행
수원-0846,경기도 수원시 팔달구 효원로 303,37.26131724,127.0351576,9.0,38.0,True,162.5,영통 차로수별 중앙값,42.5,횡단보도행
수원-0845,,37.26098912,127.0322672,13.0,36.4,True,180.0,동일노선 확장,51.8,횡단보도행
수원-0844,경기도 수원시 팔달구 권광로 159,37.26211448,127.0315905,13.0,37.1,True,162.5,영통 차로수별 중앙값,43.1,횡단보도행
수원-0843,경기도 수원시 팔달구 효원로 241,37.26344616,127.0286621,10.0,36.6,True,180.0,동일노선 확장,51.7,횡단보도행
수원-1284,경기도 수원시 권선구 장다리로 19,37.25245964,127.0178973,4.0,21.0,False,90.0,근접,0.0,횡단보도행
수원-1283,경기도 수원시 권선구 장다리로 34,37.25343748,127.018968,4.0,20.9,False,180.0,근접,0.0,횡단보도행
수원-1282,경기도 수원시 권선구 장다리로 36,37.25365431,127.0190907,4.0,20.4,False,180.0,근접,0.0,횡단보도행
수원-1281,경기도 수원시 권선구 장다리로 49,37.25496176,127.0191951,4.0,21.7,False,180.0,동일노선 확장,0.0,횡단보도행
수원-1280,경기도 수원시 권선구 장다리로 51,37.25512442,127.0192956,4.0,21.0,False,150.0,영통 차로수별 중앙값,0.0,횡단보도행
수원-1279,경기도 수원시 권선구 장다리로 63,37.25616328,127.0198528,4.0,21.0,False,150.0,영통 차로수별 중앙값,0.0,횡단보도행
수원-1278,경기도 수원시 권선구 장다리로 68,37.25642724,127.0204827,4.0,13.6,True,150.0,영통 차로수별 중앙값,55.8,횡단보도행
수원-1277,경기도 수원시 권선구 세권로 145,37.2568227,127.0202091,4.0,12.2,True,150.0,영통 차로수별 중앙값,57.0,횡단보도행
수원-1276,경기도 수원시 권선구 장다리로 76,37.25707769,127.0208394,4.0,20.9,False,150.0,영통 차로수별 중앙값,0.0,횡단보도행
수원-1275,경기도 수원시 권선구 장다리로 87,37.25811431,127.0208441,4.0,20.4,False,90.0,근접,0.0,횡단보도행
수원-1274,경기도 수원시 권선구 장다리로 90,37.25812552,127.0213853,4.0,21.2,False,90.0,근접,0.0,횡단보도행
수원-1273,경기도 수원시 권선구 장다리로 98-1,37.25890234,127.0217864,4.0,22.0,False,90.0,근접,0.0,횡단보도행
수원-1272,경기도 수원시 권선구 장다리로 100,37.25910096,127.0218641,4.0,20.4,False,90.0,동일노선 확장,0.0,횡단보도행
수원-1271,경기도 수원시 권선구 권선로 652,37.26013089,127.022444,4.0,15.2,True,180.0,근접,69.2,횡단보도행
수원-1270,경기도 수원시 권선구 권선로 645,37.26068833,127.0220909,4.0,15.2,True,180.0,근접,69.2,횡단보도행
수원-1269,경기도 수원시 권선구 장다리로 134,37.26186438,127.0231436,4.0,20.8,True,115.0,근접,33.1,횡단보도행
수원-1268,경기도 수원시 권선구 경수대로395번길 20,37.26208121,127.0232662,4.0,20.5,True,115.0,근접,33.3,횡단보도행
수원-1267,경기도 수원시 권선구 효원로 198,37.26364136,127.0234481,4.0,11.4,True,150.0,영통 차로수별 중앙값,57.7,횡단보도행
수원-1266,경기도 수원시 팔달구 장다리로 157,37.26399975,127.0235812,3.0,10.6,True,180.0,근접,73.3,횡단보도행
수원-1265,,37.26521412,127.0245149,4.0,21.1,False,90.0,근접,0.0,횡단보도행
수원-1264,경기도 수원시 팔달구 장다리로 179,37.26600608,127.0242114,4.0,20.4,False,90.0,근접,0.0,횡단보도행
수원-1263,경기도 수원시 팔달구 장다리로196번길 1,37.26725436,127.0253007,4.0,17.6,False,150.0,영통 차로수별 중앙값,0.0,횡단보도행
수원-1262,경기도 수원시 팔달구 인계로 72,37.26861163,127.0254132,3.0,10.5,True,180.0,근접,73.4,횡단보도행
수원-1261,경기도 수원시 팔달구 장다리로 215,37.26906712,127.0255344,4.0,15.6,True,180.0,근접,68.8,횡단보도행
수원-1308,경기도 수원시 팔달구 세지로 417-2,37.28633935,127.0304461,1.0,6.5,False,120.0,영통 차로수별 중앙값,0.0,횡단보도행
수원-1307,경기도 수원시 팔달구 세지로 417-2,37.28633935,127.0304461,1.0,8.5,False,120.0,영통 차로수별 중앙값,0.0,횡단보도행
수원-1306,경기도 수원시 팔달구 세지로 417-2,37.28633935,127.0304461,1.0,6.4,False,120.0,영통 차로수별 중앙값,0.0,횡단보도행
수원-1305,경기도 수원시 팔달구 세지로 427,37.28682007,127.031199,1.0,6.9,False,120.0,영통 차로수별 중앙값,0.0,횡단보도행
수원-1304,경기도 수원시 팔달구 세지로 433-13,37.28712117,127.0313577,1.0,8.2,False,120.0,영통 차로수별 중앙값,0.0,횡단보도행
수원-1303,경기도 수원시 팔달구 세지로 439-13,37.28732735,127.0319478,1.0,6.6,False,120.0,영통 차로수별 중앙값,0.0,횡단보도행
수원-1302,,37.26965117,127.0084176,2.0,5.8,False,150.0,근접,0.0,횡단보도행
수원-1301,,37.27000586,127.0083049,2.0,11.0,True,75.0,동일노선 확장,21.7,횡단보도행
수원-1300,경기도 수원시 팔달구 고화로 6,37.27023171,127.0082996,2.0,8.2,False,75.0,동일노선 확장,0.0,횡단보도행
수원-1299,경기도 수원시 팔달구 고화로 18,37.27121163,127.0076774,2.0,5.4,False,120.0,영통 차로수별 중앙값,0.0,횡단보도행
수원-1298,경기도 수원시 팔달구 고화로 28,37.27198474,127.0071761,2.0,8.8,False,120.0,영통 차로수별 중앙값,0.0,횡단보도행
수원-1297,경기도 수원시 팔달구 고등로84번길 4,37.27331552,127.0063892,2.0,8.8,False,120.0,영통 차로수별 중앙값,0.0,횡단보도행
수원-1296,경기도 수원시 팔달구 고등로 79,37.27361109,127.0059361,2.0,8.5,False,120.0,영통 차로수별 중앙값,0.0,횡단보도행
수원-1295,경기도 수원시 팔달구 고화로72번길 2,37.27565053,127.0064867,2.0,4.9,False,120.0,영통 차로수별 중앙값,0.0,횡단보도행
수원-1294,경기도 수원시 팔달구 고화로 84,37.27674166,127.0065924,2.0,8.5,False,120.0,영통 차로수별 중앙값,0.0,횡단보도행
수원-1293,경기도 수원시 팔달구 고화로 100,37.27832886,127.0067738,2.0,8.4,True,160.0,근접,65.3,횡단보도행
수원-1292,경기도 수원시 팔달구 고화로108번길 1,37.27894212,127.0068487,3.0,9.5,True,160.0,근접,64.4,횡단보도행
수원-1291,경기도 수원시 팔달구 고화로 117,37.27985992,127.0064592,3.0,10.5,False,75.0,동일노선 확장,0.0,횡단보도행
수원-1290,경기도 수원시 팔달구 고화로 129-1,37.28104683,127.006385,3.0,9.6,False,75.0,근접,0.0,횡단보도행
수원-1289,경기도 수원시 팔달구 팔달로154번길 11,37.28182466,127.0063934,3.0,8.6,False,75.0,동일노선 확장,0.0,횡단보도행
수원-1288,,37.28184898,127.0074801,1.0,5.1,False,75.0,동일노선 확장,0.0,횡단보도행
수원-1287,경기도 수원시 팔달구 고화로 147-1,37.28255482,127.0063965,3.0,13.0,True,120.0,영통 차로수별 중앙값,41.7,횡단보도행
수원-1286,경기도 수원시 권선구 장다리로 1,37.25101455,127.0172018,4.0,12.4,True,180.0,근접,71.6,횡단보도행
수원-1285,경기도 수원시 권선구 경수대로277번길 19,37.25210971,127.0182999,4.0,20.2,False,90.0,근접,0.0,횡단보도행
수원-1333,,37.26968339,127.0235364,4.0,12.4,True,101.0,근접,33.0,횡단보도행
수원-1332,경기도 수원시 팔달구 세지로 214,37.27014179,127.0237907,4.0,11.8,True,101.0,근접,33.4,횡단보도행
수원-1331,,37.27101687,127.0238074,2.0,8.6,False,98.0,동일노선 확장,0.0,횡단보도행
수원-1330,경기도 수원시 팔달구 장다리로233번길 40,37.27124327,127.0242349,2.0,8.8,False,98.0,동일노선 확장,0.0,횡단보도행
수원-1329,경기도 수원시 팔달구 세지로234번길 4,37.27188288,127.0241406,2.0,9.2,False,98.0,근접,0.0,횡단보도행
수원-1328,경기도 수원시 팔달구 세지로234번길 1,37.27207208,127.0241169,2.0,9.0,False,98.0,근접,0.0,횡단보도행
수원-1327,,37.27263314,127.0237442,2.0,8.6,False,98.0,근접,0.0,횡단보도행
수원-1326,경기도 수원시 팔달구 세지로244번길 3,37.27284712,127.0240782,2.0,8.1,False,98.0,동일노선 확장,0.0,횡단보도행
수원-1325,경기도 수원시 팔달구 세지로 250-1,37.27327951,127.0240078,1.0,6.4,False,129.0,근접,0.0,횡단보도행
수원-1324,,37.27384614,127.0236675,2.0,9.5,False,129.0,근접,0.0,횡단보도행
수원-1323,,37.27486723,127.0235008,2.0,10.9,False,129.0,동일노선 확장,0.0,횡단보도행
수원-1322,경기도 수원시 팔달구 중부대로60번길 6,37.27549388,127.0232494,2.0,22.8,True,150.0,근접,48.2,횡단보도행
수원-1321,경기도 수원시 팔달구 중부대로 61,37.27586394,127.0233711,5.0,19.0,True,150.0,근접,51.3,횡단보도행
수원-1320,경기도 수원시 팔달구 세지로 293,37.27730691,127.0235538,5.0,8.7,True,90.0,근접,30.7,횡단보도행
수원-1319,경기도 수원시 팔달구 세지로306번길 2,37.27826404,127.0239651,2.0,8.2,False,160.0,근접,0.0,횡단보도행
수원-1318,경기도 수원시 팔달구 세지로 309,37.27869561,127.0237004,1.0,5.1,False,160.0,근접,0.0,횡단보도행
수원-1317,경기도 수원시 팔달구 세지로 319,37.27957002,127.0237087,2.0,8.1,True,120.0,근접,45.9,횡단보도행
수원-1316,경기도 수원시 팔달구 세지로 323,37.280003,127.0237849,2.0,9.0,True,120.0,근접,45.1,횡단보도행
수원-1315,경기도 수원시 팔달구 세지로 349-1,37.28204644,127.0253514,2.0,8.5,False,80.0,근접,0.0,횡단보도행
수원-1314,경기도 수원시 팔달구 세지로 355-2,37.28246287,127.0257965,1.0,3.6,False,80.0,근접,0.0,횡단보도행
수원-1313,,37.28265565,127.0259418,1.0,2.4,False,80.0,동일노선 확장,0.0,횡단보도행
수원-1312,경기도 수원시 팔달구 세지로 361-2,37.28285218,127.0262262,1.0,3.6,False,78.0,동일노선 확장,0.0,횡단보도행
수원-1311,경기도 수원시 팔달구 팔달문로115번길 59-2,37.2839555,127.027133,2.0,8.8,False,78.0,근접,0.0,횡단보도행
수원-1310,경기도 수원시 팔달구 팔달문로115번길 59-2,37.2839555,127.027133,4.0,15.2,True,78.0,근접,20.0,횡단보도행
수원-1309,경기도 수원시 팔달구 세지로 393,37.28513169,127.0282312,2.0,7.8,True,180.0,근접,75.8,횡단보도행
수원-0728,,37.2779303,127.0474816,6.0,17.2,True,162.5,영통 차로수별 중앙값,58.9,횡단보도행
수원-0727,경기도 수원시 영통구 월드컵로 185,37.27867243,127.0452825,6.0,18.4,True,180.0,근접,66.4,횡단보도행
수원-0726,경기도 수원시 영통구 월드컵로 185,37.27867243,127.0452825,1.0,7.7,False,180.0,근접,0.0,횡단보도행
수원-0725,경기도 수원시 영통구 월드컵로 199,37.27921793,127.0441733,7.0,17.5,True,160.0,근접,57.4,횡단보도행
수원-0724,,37.27976074,127.0435198,7.0,18.5,True,160.0,동일노선 확장,56.5,횡단보도행
수원-0723,,37.28053159,127.0425054,6.0,15.8,True,180.0,근접,68.6,횡단보도행
수원-0722,,37.28236504,127.0391122,6.0,16.9,True,160.0,근접,57.9,횡단보도행
수원-0721,,37.28327669,127.0387133,7.0,44.5,False,160.0,근접,0.0,횡단보도행
수원-0720,,37.28303725,127.0381462,8.0,75.2,False,160.0,근접,0.0,횡단보도행
수원-0719,,37.28370656,127.0367223,9.0,25.7,True,160.0,근접,50.6,횡단보도행
수원-0718,,37.28520534,127.0358156,8.0,25.1,True,160.0,근접,51.1,횡단보도행
수원-0717,,37.28653928,127.0342895,8.0,25.3,True,180.0,동일노선 확장,60.6,횡단보도행
수원-0716,경기도 수원시 팔달구 세지로 444,37.28756566,127.0328302,8.0,25.0,True,180.0,근접,60.8,횡단보도행
수원-0715,,37.28944113,127.0313344,8.0,24.2,True,162.5,영통 차로수별 중앙값,53.0,횡단보도행
수원-0714,경기도 수원시 팔달구 월드컵로369번길 3,37.29014268,127.0303097,6.0,20.3,True,180.0,동일노선 확장,64.8,횡단보도행
수원-0713,,37.29155816,127.0291135,6.0,16.0,True,180.0,동일노선 확장,68.5,횡단보도행
수원-0712,,37.29155816,127.0291135,8.0,27.3,True,180.0,동일노선 확장,59.0,횡단보도행
수원-0711,경기도 수원시 장안구 창룡대로 171,37.29223659,127.0287171,4.0,32.3,True,150.0,영통 차로수별 중앙값,40.8,횡단보도행
수원-0710,경기도 수원시 장안구 월드컵로 417-1,37.29285895,127.0265583,4.0,11.5,True,102.0,근접,34.2,횡단보도행
수원-0709,경기도 수원시 장안구 월드컵로 417,37.29296621,127.026332,1.0,5.9,False,102.0,근접,0.0,횡단보도행
수원-0708,경기도 수원시 장안구 월드컵로429번길 1,37.293557,127.0252967,4.0,11.6,True,105.0,동일노선 확장,35.5,횡단보도행
수원-0707,경기도 수원시 장안구 월드컵로 442,37.29451788,127.0244043,4.0,12.0,True,125.0,근접,44.9,횡단보도행
수원-0706,,37.29234487,127.0194107,4.0,20.7,True,150.0,근접,49.9,횡단보도행
수원-0705,,37.29234487,127.0194107,5.0,18.8,True,150.0,근접,51.4,횡단보도행
수원-0704,,37.29658172,127.025337,6.0,21.7,True,120.0,근접,34.7,횡단보도행
수원-0703,,37.29783385,127.0264201,6.0,19.0,True,120.0,근접,36.8,횡단보도행
수원-0702,,37.29982177,127.0283945,4.0,14.4,True,120.0,근접,40.5,횡단보도행
수원-1181,,37.25191882,127.031961,4.0,13.1,True,90.0,동일노선 확장,27.1,횡단보도행
수원-1180,경기도 수원시 권선구 권중로 158,37.25066853,127.0330675,4.0,13.6,True,90.0,근접,26.8,횡단보도행
수원-1179,경기도 수원시 권선구 권중로 158,37.25066853,127.0330675,4.0,13.3,True,90.0,근접,27.0,횡단보도행
수원-1178,,37.24991126,127.0320254,4.0,13.7,True,90.0,동일노선 확장,26.7,횡단보도행
수원-1177,경기도 수원시 권선구 권중로 136,37.2489819,127.0319455,4.0,13.0,True,90.0,동일노선 확장,27.2,횡단보도행
수원-1176,,37.24874228,127.0304653,4.0,15.8,True,90.0,근접,25.1,횡단보도행
수원-0748,경기도 수원시 장안구 팔달로 257,37.28890115,127.0130564,4.0,15.8,True,180.0,근접,68.6,횡단보도행
수원-0747,,37.28556942,127.0070985,6.0,21.0,True,150.0,동일노선 확장,49.6,횡단보도행
수원-0746,경기도 수원시 장안구 팔달로 201,37.28595119,127.0081116,4.0,18.5,True,155.0,동일노선 확장,54.1,횡단보도행
수원-0745,,37.28982252,127.0151201,4.0,13.5,True,115.0,근접,38.8,횡단보도행
수원-0744,경기도 수원시 장안구 팔달로 289,37.29060062,127.0160013,3.0,11.3,True,115.0,동일노선 확장,40.7,횡단보도행
수원-0743,경기도 수원시 장안구 팔달로 291,37.29079847,127.0163272,3.0,10.8,True,115.0,동일노선 확장,41.1,횡단보도행
수원-0742,,37.29160051,127.017757,4.0,13.5,True,108.0,근접,35.4,횡단보도행
수원-0741,경기도 수원시 장안구 경수대로 791,37.29257497,127.0185056,4.0,14.2,True,150.0,동일노선 확장,55.3,횡단보도행
수원-0740,,37.27270031,127.0639887,5.0,19.3,True,180.0,근접,65.6,횡단보도행
수원-0739,,37.27313016,127.0623932,4.0,16.2,True,180.0,동일노선 확장,68.3,횡단보도행
수원-0738,,37.27313016,127.0623932,5.0,16.2,True,180.0,동일노선 확장,68.3,횡단보도행
수원-0737,,37.27164157,127.0605191,7.0,25.1,True,180.0,동일노선 확장,60.8,횡단보도행
수원-0736,,37.27243039,127.0586126,7.0,25.9,True,162.5,영통 차로수별 중앙값,51.7,횡단보도행
수원-0735,,37.27370984,127.0574804,6.0,19.8,True,180.0,근접,65.2,횡단보도행
수원-0734,,37.27403267,127.0561108,6.0,19.8,True,180.0,동일노선 확장,65.2,횡단보도행
수원-0733,경기도 수원시 영통구 월드컵로 89,37.27411808,127.0541751,6.0,21.4,True,180.0,근접,63.8,횡단보도행
수원-0732,,37.27550783,127.0530874,7.0,20.7,True,162.5,영통 차로수별 중앙값,55.9,횡단보도행
수원-0731,경기도 수원시 영통구 월드컵로 128,37.27597185,127.050972,7.0,21.5,True,180.0,동일노선 확장,63.8,횡단보도행
수원-0730,경기도 수원시 영통구 월드컵로150번길 4,37.2773538,127.0493395,6.0,24.9,True,160.0,동일노선 확장,51.3,횡단보도행
수원-0729,경기도 수원시 영통구 월드컵로 151,37.27720637,127.048517,7.0,21.7,True,160.0,동일노선 확장,53.9,횡단보도행
수원-1207,경기도 수원시 권선구 동수원로 232,37.2502553,127.0346956,9.0,30.2,True,180.0,동일노선 확장,56.6,횡단보도행
수원-1206,경기도 수원시 권선구 동수원로242번길 5-3,37.25132856,127.0348469,7.0,26.4,True,180.0,근접,59.7,횡단보도행
수원-1205,경기도 수원시 권선구 동수원로 258,37.25263767,127.0353801,7.0,26.7,True,180.0,동일노선 확장,59.5,횡단보도행
수원-1204,경기도 수원시 권선구 권중로 31,37.25425547,127.0328403,7.0,29.7,True,162.5,영통 차로수별 중앙값,48.7,횡단보도행
수원-1203,경기도 수원시 권선구 동수원로 286,37.25473293,127.0363817,6.0,31.2,False,162.5,영통 차로수별 중앙값,0.0,횡단보도행
수원-1202,경기도 수원시 영통구 동수원로286번길 1,37.25512945,127.0363797,7.0,24.6,True,162.5,영통 차로수별 중앙값,52.7,횡단보도행
수원-1201,경기도 수원시 영통구 권선로 786,37.2562221,127.0368805,7.0,25.4,True,162.5,영통 차로수별 중앙값,52.1,횡단보도행
수원-1200,,37.2559916,127.0390589,7.0,26.9,True,180.0,근접,59.3,횡단보도행
수원-1199,,37.2559916,127.0390589,7.0,23.5,True,180.0,근접,62.1,횡단보도행
수원-1198,경기도 수원시 영통구 동수원로 336,37.25941827,127.0390512,7.0,24.0,True,162.5,영통 차로수별 중앙값,53.2,횡단보도행
수원-1197,경기도 수원시 영통구 효원로 337,37.26073838,127.0392662,9.0,33.8,True,162.5,영통 차로수별 중앙값,45.6,횡단보도행
수원-1196,경기도 수원시 영통구 효원로 363,37.26153322,127.0395242,7.0,36.1,False,162.5,영통 차로수별 중앙값,0.0,횡단보도행
수원-1195,경기도 수원시 팔달구 동수원로 403,37.2651395,127.0398597,7.0,24.8,True,180.0,근접,61.0,횡단보도행
수원-1194,경기도 수원시 영통구 인계로 219,37.26558864,127.0413586,7.0,25.6,True,180.0,동일노선 확장,60.4,횡단보도행
수원-1193,경기도 수원시 영통구 동수원로 432,37.26731163,127.0425746,6.0,23.0,True,162.5,영통 차로수별 중앙값,54.0,횡단보도행
수원-1192,경기도 수원시 영통구 동수원로 448,37.26881949,127.042781,6.0,23.1,True,162.5,영통 차로수별 중앙값,53.9,횡단보도행
수원-1191,경기도 수원시 영통구 매영로 10,37.2701205,127.0434332,6.0,23.8,True,162.5,영통 차로수별 중앙값,53.4,횡단보도행
수원-1190,경기도 수원시 영통구 동수원로 491,37.27222436,127.0445027,8.0,25.8,True,162.5,영통 차로수별 중앙값,51.8,횡단보도행
수원-1189,경기도 수원시 영통구 동수원로 513,37.27315169,127.046556,4.0,27.2,True,180.0,근접,59.0,횡단보도행
수원-1188,경기도 수원시 영통구 중부대로 288,37.273478,127.0470278,8.0,37.7,True,180.0,근접,50.9,횡단보도행
수원-1187,경기도 수원시 영통구 동수원로 531,37.27385295,127.0484355,7.0,20.3,True,180.0,근접,64.8,횡단보도행
수원-1186,경기도 수원시 영통구 동수원로 540,37.27399157,127.0495512,1.0,12.4,False,180.0,근접,0.0,횡단보도행
수원-1185,경기도 수원시 영통구 동수원로 553,37.2750589,127.0503007,7.0,22.8,True,180.0,근접,62.7,횡단보도행
수원-1184,경기도 수원시 영통구 월드컵로97번길 67,37.27491772,127.0511024,7.0,26.2,True,180.0,근접,59.9,횡단보도행
수원-1183,경기도 수원시 영통구 월드컵로 128,37.27597185,127.050972,11.0,32.6,True,162.5,영통 차로수별 중앙값,46.5,횡단보도행
수원-1182,,37.25191882,127.031961,4.0,13.1,True,90.0,동일노선 확장,27.1,횡단보도행
수원-0950,,37.30567121,127.0516686,5.0,19.5,True,160.0,근접,55.7,횡단보도행
수원-1260,경기도 수원시 팔달구 장다리로 231,37.27050278,127.0261457,4.0,15.8,True,100.0,근접,29.8,횡단보도행
수원-1259,경기도 수원시 팔달구 경수대로507번길 19,37.2715157,127.0269853,4.0,16.5,True,100.0,근접,29.3,횡단보도행
수원-1258,경기도 수원시 팔달구 장다리로 248,37.27176822,127.0270175,4.0,15.6,True,100.0,근접,30.0,횡단보도행
수원-1257,경기도 수원시 팔달구 장다리로 272,37.2736286,127.0279116,4.0,15.8,True,100.0,근접,29.8,횡단보도행
수원-1256,경기도 수원시 팔달구 장다리로271번길 2,37.27410497,127.0275556,4.0,16.1,True,100.0,근접,29.6,횡단보도행
수원-1255,,37.27402131,127.0284196,1.0,10.6,False,100.0,근접,0.0,횡단보도행
수원-1254,경기도 수원시 팔달구 장다리로 276,37.2739813,127.0282196,1.0,10.7,False,100.0,근접,0.0,횡단보도행
수원-1253,경기도 수원시 팔달구 장다리로 282,37.27422678,127.0287166,4.0,16.1,False,90.0,근접,0.0,횡단보도행
수원-1252,경기도 수원시 팔달구 경수대로 549,37.27504959,127.0293544,6.0,15.5,True,90.0,근접,25.3,횡단보도행
수원-1251,경기도 수원시 팔달구 경수대로 548,37.27468352,127.0302365,6.0,16.9,True,180.0,근접,67.7,횡단보도행
수원-1250,,37.27620591,127.031025,5.0,19.9,True,120.0,근접,36.1,횡단보도행
수원-1249,,37.27803981,127.0320291,5.0,23.9,True,120.0,동일노선 확장,33.1,횡단보도행
수원-1248,,37.26427327,127.0505009,4.0,14.4,True,150.0,영통 차로수별 중앙값,55.1,횡단보도행
수원-1247,,37.263522,127.0499143,4.0,16.6,True,150.0,영통 차로수별 중앙값,53.3,횡단보도행
수원-1246,경기도 수원시 영통구 인계로 283-2,37.26352341,127.0485535,4.0,13.3,True,150.0,영통 차로수별 중앙값,56.1,횡단보도행
수원-1245,경기도 수원시 영통구 인계로 272,37.26360359,127.0470531,4.0,13.7,True,150.0,영통 차로수별 중앙값,55.7,횡단보도행
수원-1244,경기도 수원시 영통구 인계로 259-2,37.26413592,127.0460785,1.0,5.2,False,165.0,동일노선 확장,0.0,횡단보도행
수원-1243,경기도 수원시 영통구 매탄로 158,37.26437596,127.0452101,4.0,15.3,True,165.0,근접,61.7,횡단보도행
수원-1242,,37.26429582,127.0441067,4.0,15.3,True,165.0,동일노선 확장,61.7,횡단보도행
수원-1241,,37.26429582,127.0441067,4.0,12.9,True,165.0,동일노선 확장,63.8,횡단보도행
수원-1240,,37.26429582,127.0441067,4.0,12.7,True,165.0,동일노선 확장,64.0,횡단보도행
수원-1239,경기도 수원시 영통구 인계로 219,37.26558864,127.0413586,6.0,17.0,True,162.5,영통 차로수별 중앙값,59.0,횡단보도행
수원-1238,경기도 수원시 영통구 인계로 212,37.26507041,127.0406383,4.0,21.8,True,150.0,영통 차로수별 중앙값,49.0,횡단보도행
수원-1237,경기도 수원시 팔달구 동수원로 403,37.2651395,127.0398597,7.0,17.1,True,180.0,근접,67.5,횡단보도행
수원-1236,경기도 수원시 팔달구 인계로 178,37.26575881,127.0368672,6.0,24.0,True,180.0,동일노선 확장,61.7,횡단보도행
수원-1235,경기도 수원시 팔달구 인계로 154,37.26630686,127.034315,7.0,27.5,True,180.0,근접,58.8,횡단보도행
수원-1234,경기도 수원시 팔달구 인계로 143,37.26722404,127.0335423,7.0,27.3,True,180.0,근접,59.0,횡단보도행
수원-0895,경기도 수원시 팔달구 팔달문로 134,37.28222094,127.030686,2.0,6.4,False,120.0,영통 차로수별 중앙값,0.0,횡단보도행
수원-0894,경기도 수원시 팔달구 경수대로 634,37.28225328,127.0297495,3.0,12.9,False,120.0,영통 차로수별 중앙값,0.0,횡단보도행
수원-0893,경기도 수원시 팔달구 팔달문로 120,37.2817917,127.0292786,2.0,6.1,False,120.0,영통 차로수별 중앙값,0.0,횡단보도행
수원-0892,경기도 수원시 팔달구 팔달문로114번길 1,37.28165448,127.0287718,2.0,5.5,False,120.0,영통 차로수별 중앙값,0.0,횡단보도행
수원-0891,경기도 수원시 팔달구 팔달문로 97,37.281133,127.0268461,2.0,8.8,False,120.0,영통 차로수별 중앙값,0.0,횡단보도행
수원-0890,경기도 수원시 팔달구 팔달문로 79,37.28037782,127.0250911,2.0,7.4,False,120.0,동일노선 확장,0.0,횡단보도행
수원-0889,경기도 수원시 팔달구 세지로 323-1,37.28000241,127.0236383,2.0,14.7,True,120.0,근접,40.3,횡단보도행
수원-0888,경기도 수원시 팔달구 세지로 323-1,37.28000241,127.0236383,2.0,18.4,True,120.0,근접,37.3,횡단보도행
수원-0887,,37.27772346,127.0204671,2.0,7.8,False,120.0,영통 차로수별 중앙값,0.0,횡단보도행
수원-0886,,37.27765757,127.0196167,1.0,7.6,False,120.0,영통 차로수별 중앙값,0.0,횡단보도행
수원-0885,경기도 수원시 팔달구 동말로47번길 1,37.27899204,126.9994148,2.0,6.2,False,120.0,동일노선 확장,0.0,횡단보도행
수원-0884,경기도 수원시 팔달구 화양로11번길 1,37.27949266,126.9984301,2.0,8.9,False,120.0,근접,0.0,횡단보도행
수원-0883,경기도 수원시 팔달구 화양로 21-2,37.28019228,126.9976132,2.0,8.4,False,120.0,근접,0.0,횡단보도행
수원-0882,경기도 수원시 팔달구 화양로 33,37.28105395,126.9967502,2.0,8.3,True,120.0,근접,45.7,횡단보도행
수원-0881,경기도 수원시 팔달구 화양로35번길 6,37.28123326,126.9965234,2.0,8.7,True,120.0,근접,45.3,횡단보도행
수원-0880,경기도 수원시 팔달구 화양로 56,37.28292706,126.9963316,2.0,9.9,True,120.0,근접,44.3,횡단보도행
수원-0879,경기도 수원시 팔달구 화양로56번길 3,37.28317915,126.9962622,2.0,9.6,True,120.0,근접,44.5,횡단보도행
수원-0878,,37.2839032,126.995947,2.0,8.7,True,120.0,근접,45.3,횡단보도행
수원-0877,,37.28440083,126.9956199,3.0,11.2,True,120.0,근접,43.2,횡단보도행
수원-0876,,37.28587165,126.9943838,4.0,11.6,True,150.0,동일노선 확장,57.6,횡단보도행
수원-0875,,37.28720658,126.9937014,5.0,17.7,True,150.0,근접,52.3,횡단보도행
수원-0874,,37.26171108,127.0038084,4.0,18.1,True,120.0,동일노선 확장,37.5,횡단보도행
수원-0873,경기도 수원시 권선구 세류로 15,37.26207995,127.0053798,3.0,9.4,False,120.0,근접,0.0,횡단보도행
수원-0872,,37.26173091,127.0056213,3.0,10.6,False,120.0,근접,0.0,횡단보도행
수원-0871,,37.26181916,127.0064781,4.0,15.1,True,120.0,동일노선 확장,39.9,횡단보도행
수원-0870,경기도 수원시 권선구 세류로 32,37.26183542,127.0072648,5.0,14.2,True,120.0,동일노선 확장,40.7,횡단보도행
수원-0922,경기도 수원시 장안구 송정로 66,37.29573373,127.0043811,2.0,16.7,True,150.0,근접,53.2,횡단보도행
수원-0921,,37.29611805,127.0043466,3.0,13.3,True,150.0,근접,56.1,횡단보도행
수원-0920,경기도 수원시 장안구 송원로 13,37.29713471,127.0053012,3.0,15.5,True,150.0,동일노선 확장,54.2,횡단보도행
수원-0919,경기도 수원시 장안구 송원로23번길 1,37.29779521,127.0058907,3.0,15.7,False,150.0,근접,0.0,횡단보도행
수원-0918,경기도 수원시 장안구 정조로 1039,37.29874348,127.0063246,6.0,18.4,True,160.0,근접,56.6,횡단보도행
수원-0917,,37.29910741,127.0066152,7.0,20.8,True,160.0,근접,54.6,횡단보도행
수원-0916,경기도 수원시 장안구 송원로 51,37.2999568,127.0076368,1.0,2.5,False,120.0,영통 차로수별 중앙값,0.0,횡단보도행
수원-0915,경기도 수원시 장안구 송원로 55,37.30019205,127.0078497,6.0,19.1,True,80.0,동일노선 확장,18.2,횡단보도행
수원-0914,경기도 수원시 장안구 경수대로 921,37.30146719,127.0088569,7.0,16.7,True,80.0,근접,19.8,횡단보도행
수원-0913,경기도 수원시 장안구 경수대로 920,37.301642,127.0097133,8.0,20.2,True,80.0,동일노선 확장,17.4,횡단보도행
수원-0912,,37.30334353,127.0121374,8.0,26.3,True,162.5,영통 차로수별 중앙값,51.4,횡단보도행
수원-0911,경기도 수원시 장안구 경수대로976번길 22,37.30632759,127.0047182,3.0,9.9,False,120.0,영통 차로수별 중앙값,0.0,횡단보도행
수원-0910,경기도 수원시 장안구 경수대로976번길 22,37.30632759,127.0047182,3.0,11.0,False,120.0,영통 차로수별 중앙값,0.0,횡단보도행
수원-0909,경기도 수원시 장안구 경수대로976번길 22,37.30632759,127.0047182,3.0,11.1,False,120.0,영통 차로수별 중앙값,0.0,횡단보도행
수원-0908,,37.30491374,127.0103039,5.0,15.9,True,84.0,근접,22.2,횡단보도행
수원-0907,,37.30445551,127.0110952,5.0,17.1,True,98.0,동일노선 확장,27.9,횡단보도행
수원-0906,,37.3042164,127.011554,5.0,17.9,True,98.0,동일노선 확장,27.3,횡단보도행
수원-0905,경기도 수원시 장안구 금당로9번길 60,37.30399823,127.0122368,7.0,24.0,True,162.5,영통 차로수별 중앙값,53.2,횡단보도행
수원-0904,,37.30661467,127.0116125,2.0,7.2,False,120.0,영통 차로수별 중앙값,0.0,횡단보도행
수원-0903,,37.30661467,127.0116125,2.0,7.4,False,120.0,영통 차로수별 중앙값,0.0,횡단보도행
수원-0902,,37.30661467,127.0116125,2.0,10.6,False,120.0,영통 차로수별 중앙값,0.0,횡단보도행
수원-0901,,37.30645815,127.0138271,6.0,17.8,True,160.0,근접,57.1,횡단보도행
수원-0900,경기도 수원시 장안구 수일로219번길 2,37.30656385,127.0141499,5.0,18.6,True,160.0,근접,56.4,횡단보도행
수원-0899,경기도 수원시 팔달구 월드컵로 277,37.28347769,127.0362284,4.0,14.1,True,160.0,동일노선 확장,60.3,횡단보도행
수원-0898,,37.28354061,127.034934,4.0,13.7,True,160.0,근접,60.6,횡단보도행
수원-0897,경기도 수원시 팔달구 팔달문로 161,37.28324256,127.0337368,4.0,17.9,True,160.0,동일노선 확장,57.0,횡단보도행
수원-0896,경기도 수원시 팔달구 팔달문로 156-1,37.2828527,127.0331639,2.0,6.0,False,120.0,근접,0.0,횡단보도행
수원-0949,,37.30533857,127.0491395,5.0,15.8,True,160.0,근접,58.8,횡단보도행
수원-0948,,37.30533857,127.0491395,5.0,15.7,True,160.0,근접,58.9,횡단보도행
수원-0947,,37.3053398,127.0466338,5.0,16.4,True,160.0,근접,58.3,횡단보도행
수원-0946,,37.3053398,127.0466338,5.0,17.5,True,160.0,근접,57.4,횡단보도행
수원-0945,,37.30687302,127.0405952,5.0,17.7,True,150.0,영통 차로수별 중앙값,52.3,횡단보도행
수원-0944,,37.30687302,127.0405952,5.0,15.9,True,150.0,영통 차로수별 중앙값,53.8,횡단보도행
수원-0943,,37.30687302,127.0405952,5.0,16.0,True,150.0,영통 차로수별 중앙값,53.8,횡단보도행
수원-0942,,37.30687302,127.0405952,5.0,15.8,True,150.0,영통 차로수별 중앙값,53.9,횡단보도행
수원-0941,,37.30687302,127.0405952,3.0,12.5,False,120.0,영통 차로수별 중앙값,0.0,횡단보도행
수원-0940,,37.30687302,127.0405952,3.0,12.0,False,120.0,영통 차로수별 중앙값,0.0,횡단보도행
수원-0939,,37.29142681,126.9966117,2.0,5.9,True,140.0,근접,57.7,횡단보도행
수원-0938,,37.29142681,126.9966117,2.0,7.0,True,140.0,근접,56.7,횡단보도행
수원-0937,,37.28913876,126.9981456,6.0,19.5,True,150.0,근접,50.8,횡단보도행
수원-0936,,37.2907845,126.9961945,6.0,19.1,True,140.0,동일노선 확장,46.3,횡단보도행
수원-0935,경기도 수원시 장안구 수성로245번길 69,37.29188691,126.9963396,6.0,19.2,True,140.0,근접,46.3,횡단보도행
수원-0934,경기도 수원시 장안구 대평로52번길 12,37.29312762,126.9955867,6.0,19.5,True,140.0,동일노선 확장,46.0,횡단보도행
수원-0933,경기도 수원시 장안구 대평로52번길 21,37.29425129,126.9948684,6.0,19.5,True,140.0,근접,46.0,횡단보도행
수원-0932,,37.29530088,126.9932032,6.0,25.8,True,150.0,근접,45.8,횡단보도행
수원-0931,경기도 수원시 장안구 대평로 72,37.29480426,126.9939509,6.0,19.36,True,140.0,동일노선 확장,46.1,횡단보도행
수원-0930,경기도 수원시 장안구 대평로 85,37.29570144,126.9925796,6.0,19.4,True,150.0,근접,50.9,횡단보도행
수원-0929,,37.29688352,126.9929458,6.0,20.0,True,162.5,영통 차로수별 중앙값,56.5,횡단보도행
수원-0928,경기도 수원시 장안구 대평로 111,37.29774905,126.9907492,6.0,19.2,True,130.0,근접,41.4,횡단보도행
수원-0927,,37.2994004,126.990622,4.0,6.9,True,47.0,근접,11.7,횡단보도행
수원-0926,,37.2994004,126.990622,4.0,13.5,True,47.0,근접,7.5,횡단보도행
수원-0925,경기도 수원시 장안구 만석로 65,37.29766663,126.9883578,1.0,5.5,False,120.0,영통 차로수별 중앙값,0.0,횡단보도행
수원-0924,,37.30109769,126.9896791,4.0,12.8,True,90.0,근접,27.4,횡단보도행
수원-0923,,37.30223102,126.9890541,4.0,12.1,True,90.0,근접,27.9,횡단보도행
수원-0977,경기도 수원시 팔달구 권광로 200,37.26512389,127.0335666,7.0,23.5,True,180.0,근접,62.1,횡단보도행
수원-0976,경기도 수원시 팔달구 권광로 213,37.26663699,127.0332527,7.0,24.8,True,180.0,근접,61.0,횡단보도행
수원-0975,,37.26733547,127.0340318,7.0,23.9,True,180.0,근접,61.8,횡단보도행
수원-0974,,37.26897714,127.0347473,9.0,50.2,False,180.0,근접,0.0,횡단보도행
수원-0973,경기도 수원시 팔달구 권광로 257,37.27035752,127.034978,8.0,26.9,True,180.0,근접,59.3,횡단보도행
수원-0972,,37.2719063,127.0353077,2.0,9.5,False,180.0,근접,0.0,횡단보도행
수원-0971,경기도 수원시 팔달구 권광로 279,37.27221732,127.0357223,7.0,24.0,True,180.0,근접,61.7,횡단보도행
수원-0970,,37.27347781,127.0364552,6.0,99.2,False,162.5,영통 차로수별 중앙값,0.0,횡단보도행
수원-0969,경기도 수원시 팔달구 중부대로 200,37.27629111,127.0378968,7.0,27.5,True,162.5,영통 차로수별 중앙값,50.4,횡단보도행
수원-0968,,37.27703698,127.0378581,6.0,25.2,True,180.0,근접,60.7,횡단보도행
수원-0967,,37.27834154,127.0380053,4.0,24.5,True,180.0,근접,61.3,횡단보도행
수원-0966,,37.27860877,127.0377461,5.0,29.9,True,180.0,근접,56.9,횡단보도행
수원-0965,경기도 수원시 팔달구 권광로 352-2,37.27841966,127.0382222,1.0,11.9,False,180.0,동일노선 확장,0.0,횡단보도행
수원-0964,경기도 수원시 팔달구 권광로 362,37.27928331,127.0377883,3.0,35.0,True,180.0,근접,52.9,횡단보도행
수원-0963,경기도 수원시 팔달구 권광로 362,37.27928331,127.0377883,1.0,10.2,True,180.0,근접,73.6,횡단보도행
수원-0962,,37.28087099,127.0372003,8.0,34.7,False,162.5,영통 차로수별 중앙값,0.0,횡단보도행
수원-0961,,37.28327669,127.0387133,10.0,50.3,False,160.0,근접,0.0,횡단보도행
수원-0960,,37.28676141,127.0399936,11.0,39.9,True,160.0,근접,40.0,횡단보도행
수원-0959,,37.28676141,127.0399936,11.0,44.7,True,160.0,근접,36.7,횡단보도행
수원-0958,,37.29087879,127.0451287,11.0,36.9,True,160.0,근접,42.1,횡단보도행
수원-0957,,37.29087879,127.0451287,12.0,39.5,True,160.0,근접,40.3,횡단보도행
수원-0956,,37.29525573,127.0492033,11.0,25.9,True,180.0,근접,60.1,횡단보도행
수원-0955,,37.29637078,127.049337,7.0,25.6,True,160.0,근접,50.7,횡단보도행
수원-0954,,37.29637078,127.049337,10.0,25.9,True,160.0,근접,50.5,횡단보도행
수원-0953,,37.29712223,127.050306,5.0,21.9,True,160.0,근접,53.7,횡단보도행
수원-0952,,37.30348175,127.0514608,7.0,23.6,True,162.5,영통 차로수별 중앙값,53.5,횡단보도행
수원-0951,,37.30567121,127.0516686,7.0,23.4,True,160.0,근접,52.5,횡단보도행
수원-1002,경기도 수원시 영통구 대학2로 2,37.29886449,127.0432002,6.0,18.8,True,160.0,근접,56.3,횡단보도행
수원-1001,경기도 수원시 영통구 대학로 34,37.29928078,127.0436235,5.0,15.9,True,160.0,근접,58.7,횡단보도행
수원-1000,경기도 수원시 영통구 대학로 46,37.29993241,127.0443078,4.0,12.6,True,160.0,근접,61.6,횡단보도행
수원-0999,,37.30105524,127.0448058,5.0,16.5,True,160.0,동일노선 확장,58.2,횡단보도행
수원-0998,,37.30105524,127.0448058,5.0,15.6,True,160.0,동일노선 확장,59.0,횡단보도행
수원-0997,경기도 수원시 영통구 대학로 88,37.30294601,127.0474266,4.0,12.4,True,160.0,근접,61.8,횡단보도행
수원-0996,경기도 수원시 영통구 웰빙타운로49번길 36,37.30394528,127.0471132,5.0,17.6,True,170.0,근접,62.2,횡단보도행
수원-0995,경기도 수원시 영통구 대학로 101,37.30436918,127.0471585,4.0,12.6,True,170.0,근접,66.5,횡단보도행
수원-0994,경기도 수원시 영통구 대학로 109,37.30508126,127.0471542,5.0,20.2,True,160.0,근접,55.1,횡단보도행
수원-0993,경기도 수원시 권선구 덕영대로1217번길 24,37.24952802,127.0248129,4.0,17.8,True,150.0,영통 차로수별 중앙값,52.3,횡단보도행
수원-0992,경기도 수원시 권선구 덕영대로1217번길 24,37.24952802,127.0248129,4.0,14.7,True,150.0,영통 차로수별 중앙값,54.9,횡단보도행
수원-0991,경기도 수원시 권선구 덕영대로1217번길 24,37.24952802,127.0248129,4.0,14.3,True,150.0,영통 차로수별 중앙값,55.2,횡단보도행
수원-0990,경기도 수원시 권선구 권광로27번길 22,37.25088405,127.0266971,4.0,14.7,True,50.0,근접,8.0,횡단보도행
수원-0989,경기도 수원시 권선구 권광로 56,37.25282704,127.0285568,5.0,15.8,True,180.0,동일노선 확장,68.6,횡단보도행
수원-0988,경기도 수원시 권선구 권광로56번길 1,37.25307081,127.0286567,5.0,15.6,True,150.0,영통 차로수별 중앙값,54.1,횡단보도행
수원-0987,경기도 수원시 권선구 세권로 230,37.25428081,127.0292001,4.0,13.8,True,180.0,동일노선 확장,70.4,횡단보도행
수원-0986,경기도 수원시 권선구 세권로 225,37.25473939,127.0289057,4.0,12.19,True,180.0,근접,71.8,횡단보도행
수원-0985,경기도 수원시 권선구 권광로 94,37.25618598,127.0300018,4.0,11.8,True,180.0,동일노선 확장,72.2,횡단보도행
수원-0984,경기도 수원시 권선구 권광로 116,37.25792827,127.0306564,4.0,17.8,True,180.0,근접,66.9,횡단보도행
수원-0983,경기도 수원시 팔달구 권광로 120,37.25840071,127.0308677,7.0,23.6,True,180.0,동일노선 확장,62.0,횡단보도행
수원-0982,경기도 수원시 권선구 권광로 129,37.25959523,127.0304994,7.0,24.9,True,180.0,근접,60.9,횡단보도행
수원-0981,경기도 수원시 권선구 효원로 274,37.26143698,127.0312323,9.0,23.6,True,180.0,근접,62.0,횡단보도행
수원-0980,경기도 수원시 팔달구 권광로 159,37.26211448,127.0315905,9.0,23.5,True,180.0,동일노선 확장,62.1,횡단보도행
수원-0979,경기도 수원시 팔달구 권광로 181,37.26374846,127.0322217,8.0,30.0,True,180.0,근접,56.8,횡단보도행
수원-0978,경기도 수원시 팔달구 권광로 191,37.26464247,127.0326335,7.0,8.1,True,180.0,근접,75.5,횡단보도행
수원-1029,경기도 수원시 장안구 금당로 20,37.30450746,127.0141858,3.0,8.8,False,120.0,영통 차로수별 중앙값,0.0,횡단보도행
수원-1028,경기도 수원시 장안구 금당로 17,37.30477878,127.0140711,3.0,8.6,False,120.0,영통 차로수별 중앙값,0.0,횡단보도행
수원-1027,경기도 수원시 장안구 금당로 12,37.30408302,127.0136581,3.0,8.8,False,120.0,영통 차로수별 중앙값,0.0,횡단보도행
수원-1026,경기도 수원시 장안구 금당로 2,37.30350317,127.0129397,3.0,11.1,False,120.0,영통 차로수별 중앙값,0.0,횡단보도행
수원-1025,,37.24640296,127.0477085,8.0,25.7,True,180.0,근접,60.3,횡단보도행
수원-1024,,37.24640296,127.0477085,8.0,27.2,True,180.0,근접,59.0,횡단보도행
수원-1023,,37.2475741,127.0485916,7.0,23.9,True,180.0,동일노선 확장,61.8,횡단보도행
수원-1022,,37.24806851,127.0489129,7.0,27.2,True,180.0,근접,59.0,횡단보도행
수원-1021,,37.24909021,127.0497358,7.0,26.0,True,180.0,근접,60.0,횡단보도행
수원-1020,경기도 수원시 영통구 삼성로 130,37.25467174,127.0574549,7.0,23.9,True,135.0,근접,40.1,횡단보도행
수원-1019,경기도 수원시 영통구 삼성로 130,37.25467174,127.0574549,8.0,29.9,True,135.0,근접,35.6,횡단보도행
수원-1018,경기도 수원시 영통구 삼성로 130,37.25467174,127.0574549,8.0,29.4,True,135.0,근접,36.0,횡단보도행
수원-1017,,37.25504123,127.0544968,9.0,24.2,True,180.0,근접,61.5,횡단보도행
수원-1016,,37.25504123,127.0544968,9.0,23.4,True,180.0,근접,62.2,횡단보도행
수원-1015,,37.25728079,127.0566678,8.0,28.3,True,180.0,동일노선 확장,58.2,횡단보도행
수원-1014,경기도 수원시 영통구 삼성로 168,37.25819302,127.0572687,7.0,23.7,True,180.0,근접,61.9,횡단보도행
수원-1013,,37.26141105,127.0596522,7.0,23.8,True,180.0,근접,61.8,횡단보도행
수원-1012,,37.26193165,127.0598563,7.0,26.2,True,180.0,근접,59.9,횡단보도행
수원-1011,,37.2640754,127.0613009,9.0,29.4,True,180.0,근접,57.3,횡단보도행
수원-1010,,37.26476693,127.0617523,9.0,27.3,True,180.0,근접,59.0,횡단보도행
수원-1009,경기도 수원시 영통구 삼성로 263,37.26573083,127.0627112,7.0,28.0,True,180.0,근접,58.4,횡단보도행
수원-1008,,37.26571428,127.0633627,9.0,28.2,True,180.0,근접,58.2,횡단보도행
수원-1007,,37.26663121,127.0655305,9.0,28.1,True,180.0,근접,58.3,횡단보도행
수원-1006,,37.26682168,127.0655532,9.0,27.0,True,180.0,근접,59.2,횡단보도행
수원-1005,,37.26716944,127.0671092,8.0,27.2,True,180.0,근접,59.0,횡단보도행
수원-1004,,37.2977359,127.0400557,9.0,27.7,True,180.0,근접,58.6,횡단보도행
수원-1003,,37.29748792,127.0418939,6.0,21.9,True,162.5,영통 차로수별 중앙값,54.9,횡단보도행
수원-1055,,37.27232705,127.0186665,1.0,5.0,False,120.0,영통 차로수별 중앙값,0.0,횡단보도행
수원-1054,경기도 수원시 팔달구 수원천로 209,37.27257897,127.0179552,2.0,45.8,False,120.0,영통 차로수별 중앙값,0.0,횡단보도행
수원-1053,경기도 수원시 팔달구 수원천로 230,37.27386561,127.0195938,3.0,74.0,False,150.0,근접,0.0,횡단보도행
수원-1052,경기도 수원시 팔달구 수원천로 225-1,37.27394353,127.0187983,2.0,54.6,False,150.0,근접,0.0,횡단보도행
수원-1051,경기도 수원시 팔달구 수원천로 246,37.27550146,127.0201474,1.0,6.4,False,150.0,근접,0.0,횡단보도행
수원-1050,경기도 수원시 팔달구 수원천로 245,37.27547819,127.0193692,1.0,6.4,False,120.0,영통 차로수별 중앙값,0.0,횡단보도행
수원-1049,경기도 수원시 팔달구 중부대로 30,37.27511179,127.0201499,3.0,45.9,True,150.0,근접,31.4,횡단보도행
수원-1048,경기도 수원시 팔달구 중부대로 23,37.27537904,127.0193699,3.0,45.2,True,120.0,영통 차로수별 중앙값,19.2,횡단보도행
수원-1047,경기도 수원시 팔달구 수원천로255번길 1,37.27621622,127.0190938,2.0,45.2,False,120.0,영통 차로수별 중앙값,0.0,횡단보도행
수원-1046,경기도 수원시 팔달구 수원천로264번길 7-7,37.27711978,127.0196295,2.0,44.6,False,120.0,영통 차로수별 중앙값,0.0,횡단보도행
수원-1045,,37.27754104,127.0192551,2.0,45.7,False,120.0,영통 차로수별 중앙값,0.0,횡단보도행
수원-1044,,37.27791194,127.0190623,2.0,44.7,False,120.0,영통 차로수별 중앙값,0.0,횡단보도행
수원-1043,경기도 수원시 팔달구 수원천로 317,37.28166481,127.0179085,2.0,41.4,False,120.0,영통 차로수별 중앙값,0.0,횡단보도행
수원-1042,,37.28207913,127.0178165,2.0,44.6,False,120.0,영통 차로수별 중앙값,0.0,횡단보도행
수원-1041,경기도 수원시 팔달구 수원천로 343,37.28394311,127.0173638,2.0,5.1,True,120.0,영통 차로수별 중앙값,48.5,횡단보도행
수원-1040,경기도 수원시 팔달구 수원천로 347,37.28447529,127.0174507,2.0,5.1,False,120.0,영통 차로수별 중앙값,0.0,횡단보도행
수원-1039,,37.2852274,127.0180101,1.0,6.9,False,120.0,영통 차로수별 중앙값,0.0,횡단보도행
수원-1038,경기도 수원시 팔달구 수원천로 355,37.2851154,127.0174804,1.0,4.2,False,120.0,영통 차로수별 중앙값,0.0,횡단보도행
수원-1037,경기도 수원시 장안구 수일로336번길 16,37.29972784,127.0221486,1.0,8.0,False,120.0,영통 차로수별 중앙값,0.0,횡단보도행
수원-1036,경기도 수원시 장안구 금당로 83,37.30107812,127.0194772,1.0,9.7,False,120.0,영통 차로수별 중앙값,0.0,횡단보도행
수원-1035,경기도 수원시 장안구 금당로 68,37.30118736,127.0175244,2.0,6.4,False,60.0,동일노선 확장,0.0,횡단보도행
수원-1034,경기도 수원시 장안구 금당로 56,37.30178713,127.0164989,2.0,9.0,False,60.0,근접,0.0,횡단보도행
수원-1033,경기도 수원시 장안구 금당로 56,37.30178713,127.0164989,2.0,6.4,False,60.0,근접,0.0,횡단보도행
수원-1032,경기도 수원시 장안구 금당로38번길 7,37.30309952,127.0156165,2.0,6.0,False,80.0,근접,0.0,횡단보도행
수원-1031,경기도 수원시 장안구 금당로 39,37.30345179,127.0157948,3.0,8.5,False,80.0,근접,0.0,횡단보도행
수원-1030,경기도 수원시 장안구 조원로112번길 35,37.30387201,127.0149571,4.0,12.0,False,80.0,동일노선 확장,0.0,횡단보도행
수원-1081,,37.2955904,126.9663183,3.0,12.1,True,120.0,동일노선 확장,42.4,횡단보도행
수원-1080,,37.29570126,126.9666189,2.0,5.8,True,120.0,영통 차로수별 중앙값,47.9,횡단보도행
수원-1079,,37.29651257,126.9678404,2.0,5.9,False,120.0,영통 차로수별 중앙값,0.0,횡단보도행
수원-1078,,37.29833857,126.9689223,2.0,9.2,False,60.0,동일노선 확장,0.0,횡단보도행
수원-1077,경기도 수원시 장안구 율전로 104,37.29858272,126.9691816,2.0,6.5,False,60.0,동일노선 확장,0.0,횡단보도행
수원-1076,,37.29884952,126.9691138,2.0,6.0,False,60.0,근접,0.0,횡단보도행
수원-1075,,37.29905208,126.9692576,2.0,6.4,False,60.0,근접,0.0,횡단보도행
수원-1074,경기도 수원시 장안구 율전로 112,37.29924233,126.9694835,2.0,7.1,False,60.0,근접,0.0,횡단보도행
수원-1073,,37.29975989,126.9695378,2.0,8.0,True,120.0,근접,45.9,횡단보도행
수원-1072,,37.29999009,126.9696209,2.0,11.9,True,120.0,근접,42.6,횡단보도행
수원-1071,,37.28834117,127.0100316,1.0,11.5,False,120.0,영통 차로수별 중앙값,0.0,횡단보도행
수원-1070,,37.29153003,127.0076789,1.0,5.6,False,120.0,영통 차로수별 중앙값,0.0,횡단보도행
수원-1069,,37.29390475,127.0058368,2.0,12.8,False,120.0,영통 차로수별 중앙값,0.0,횡단보도행
수원-1068,,37.29390475,127.0058368,2.0,5.1,False,120.0,영통 차로수별 중앙값,0.0,횡단보도행
수원-1067,,37.29390475,127.0058368,2.0,6.0,False,120.0,영통 차로수별 중앙값,0.0,횡단보도행
수원-1066,,37.29390475,127.0058368,1.0,4.5,False,120.0,영통 차로수별 중앙값,0.0,횡단보도행
수원-1065,,37.29390475,127.0058368,2.0,13.8,True,120.0,영통 차로수별 중앙값,41.0,횡단보도행
수원-1064,,37.29658172,127.025337,2.0,8.7,False,120.0,근접,0.0,횡단보도행
수원-1063,경기도 수원시 권선구 세권로 50,37.25910057,127.009775,2.0,47.2,False,120.0,영통 차로수별 중앙값,0.0,횡단보도행
수원-1062,경기도 수원시 권선구 세권로 55,37.2591814,127.0106653,2.0,27.7,False,120.0,영통 차로수별 중앙값,0.0,횡단보도행
수원-1061,경기도 수원시 팔달구 효원로 119,37.26594184,127.0150426,2.0,59.2,False,180.0,근접,0.0,횡단보도행
수원-1060,경기도 수원시 팔달구 수원천로 157,37.26835016,127.0154332,3.0,38.9,False,120.0,영통 차로수별 중앙값,0.0,횡단보도행
수원-1059,,37.27151919,127.0178658,1.0,7.0,False,120.0,영통 차로수별 중앙값,0.0,횡단보도행
수원-1058,,37.27182014,127.0173544,1.0,7.0,False,150.0,근접,0.0,횡단보도행
수원-1057,경기도 수원시 팔달구 정조로 703,37.27105368,127.0174799,3.0,49.0,True,150.0,근접,29.5,횡단보도행
수원-1056,,37.27125782,127.0177305,3.0,58.0,True,150.0,근접,24.1,횡단보도행
수원-1107,경기도 수원시 팔달구 정조로 869-1,37.28565657,127.0153561,2.0,7.5,True,150.0,근접,61.2,횡단보도행
수원-1106,경기도 수원시 팔달구 신풍로 47,37.28529981,127.0140836,2.0,5.0,False,120.0,영통 차로수별 중앙값,0.0,횡단보도행
수원-1105,,37.28521018,127.0099186,2.0,6.5,False,120.0,영통 차로수별 중앙값,0.0,횡단보도행
수원-1104,,37.28531786,127.0090148,2.0,5.8,False,120.0,영통 차로수별 중앙값,0.0,횡단보도행
수원-1103,,37.28566944,127.0083119,2.0,20.7,False,120.0,영통 차로수별 중앙값,0.0,횡단보도행
수원-1102,경기도 수원시 장안구 파장로46번길 2,37.30564103,126.9960899,2.0,4.9,False,80.0,동일노선 확장,0.0,횡단보도행
수원-1101,경기도 수원시 장안구 파장로54번길 1,37.3058069,126.9948249,3.0,8.4,True,80.0,근접,26.1,횡단보도행
수원-1100,,37.30591457,126.9937441,2.0,7.0,True,90.0,근접,32.1,횡단보도행
수원-1099,경기도 수원시 장안구 파장로68번길 2,37.30601739,126.9934581,2.0,7.2,True,90.0,근접,31.9,횡단보도행
수원-1098,경기도 수원시 장안구 파장로 74,37.3062486,126.9927231,2.0,6.5,False,60.0,근접,0.0,횡단보도행
수원-1097,경기도 수원시 장안구 장안로 272-9,37.30650539,126.9916494,2.0,9.0,True,160.0,근접,64.8,횡단보도행
수원-1096,경기도 수원시 장안구 파장로100번길 2,37.30778193,126.9908509,2.0,5.8,False,100.0,근접,0.0,횡단보도행
수원-1095,경기도 수원시 장안구 파장로 114,37.30874041,126.9894564,2.0,6.8,True,150.0,근접,61.8,횡단보도행
수원-1094,,37.29783385,127.0266639,2.0,8.9,False,120.0,근접,0.0,횡단보도행
수원-1093,경기도 수원시 장안구 창룡대로 191,37.29264175,127.0308695,2.0,5.4,False,180.0,근접,0.0,횡단보도행
수원-1092,,37.29587208,126.9656979,1.0,6.3,False,120.0,동일노선 확장,0.0,횡단보도행
수원-1091,,37.29665293,126.9611224,1.0,5.2,False,100.0,근접,0.0,횡단보도행
수원-1090,,37.29521303,126.9601247,1.0,12.0,False,100.0,근접,0.0,횡단보도행
수원-1089,경기도 수원시 권선구 율전로 17-9,37.2954084,126.9608886,1.0,3.3,False,100.0,근접,0.0,횡단보도행
수원-1088,경기도 수원시 권선구 율전로 2,37.29478956,126.9595955,3.0,7.9,True,100.0,근접,36.2,횡단보도행
수원-1087,경기도 수원시 권선구 율전로 9,37.29524415,126.9604497,3.0,9.1,True,100.0,근접,35.2,횡단보도행
수원-1086,,37.29523545,126.960702,2.0,10.5,True,100.0,근접,34.0,횡단보도행
수원-1085,,37.29551046,126.9617056,2.0,15.0,True,100.0,동일노선 확장,30.4,횡단보도행
수원-1084,,37.29665293,126.9611224,6.0,18.3,True,100.0,근접,27.9,횡단보도행
수원-1083,,37.29775827,126.9594777,4.0,19.8,True,150.0,영통 차로수별 중앙값,50.6,횡단보도행
수원-1082,,37.29532256,126.9619409,2.0,12.4,True,120.0,영통 차로수별 중앙값,42.2,횡단보도행
수원-1133,경기도 수원시 권선구 정조로 613-15,37.26286437,127.0141376,8.0,26.0,True,162.5,영통 차로수별 중앙값,51.6,횡단보도행
수원-1132,경기도 수원시 권선구 권선로 568-24,37.26154518,127.0133679,1.0,6.9,False,115.0,근접,0.0,횡단보도행
수원-1131,경기도 수원시 권선구 권선로 555,37.26306534,127.0125912,7.0,25.4,True,162.5,영통 차로수별 중앙값,52.1,횡단보도행
수원-1130,,37.26316237,127.011833,7.0,26.5,True,162.5,영통 차로수별 중앙값,51.2,횡단보도행
수원-1129,경기도 수원시 권선구 권선로537번길 2,37.26337258,127.010593,7.0,25.0,True,162.5,영통 차로수별 중앙값,52.4,횡단보도행
수원-1128,경기도 수원시 권선구 권선로536번길 6,37.26310839,127.0099181,8.0,30.1,True,162.5,영통 차로수별 중앙값,48.4,횡단보도행
수원-1127,,37.26355536,127.0080202,8.0,31.9,True,180.0,근접,55.3,횡단보도행
수원-1126,,37.26371729,127.0077197,9.0,41.4,True,180.0,근접,48.1,횡단보도행
수원-1125,,37.26424937,127.0025239,3.0,52.5,False,120.0,영통 차로수별 중앙값,0.0,횡단보도행
수원-1124,,37.26299748,126.9994276,1.0,5.0,True,100.0,근접,38.7,횡단보도행
수원-1123,,37.26300115,126.9991167,3.0,33.2,True,100.0,근접,17.9,횡단보도행
수원-1122,,37.26191966,126.9958701,9.0,39.2,True,180.0,근접,49.7,횡단보도행
수원-1121,,37.26151264,126.995701,8.0,29.9,True,180.0,근접,56.9,횡단보도행
수원-1120,,37.26130654,126.9937283,1.0,5.9,False,180.0,근접,0.0,횡단보도행
수원-1119,경기도 수원시 권선구 권선로 385,37.2615178,126.9939367,4.0,32.4,True,180.0,근접,54.9,횡단보도행
수원-1118,,37.25748627,126.9860468,2.0,12.5,False,90.0,근접,0.0,횡단보도행
수원-1117,,37.25793456,126.9859507,2.0,24.2,True,90.0,근접,19.2,횡단보도행
수원-1116,경기도 수원시 권선구 권선로 308-6,37.25802132,126.9857843,7.0,29.0,True,90.0,근접,16.2,횡단보도행
수원-1115,,37.25814817,126.9808667,1.0,9.4,False,120.0,영통 차로수별 중앙값,0.0,횡단보도행
수원-1114,,37.25958125,126.9735052,9.0,28.3,True,210.0,근접,72.7,횡단보도행
수원-1113,,37.25970705,126.9731668,9.0,27.1,True,210.0,근접,73.7,횡단보도행
수원-1112,,37.26123624,126.9642268,9.0,31.8,True,160.0,근접,45.9,횡단보도행
수원-1111,,37.2612373,126.9639367,9.0,28.9,True,160.0,근접,48.1,횡단보도행
수원-1110,,37.26150744,126.9572036,6.0,42.5,True,180.0,근접,47.3,횡단보도행
수원-1109,,37.26157929,126.9566296,4.0,36.4,True,180.0,근접,51.8,횡단보도행
수원-1108,,37.28580117,127.0157035,2.0,7.4,True,150.0,근접,61.3,횡단보도행
수원-1158,경기도 수원시 영통구 동탄원천로 882,37.25239088,127.0462464,6.0,23.9,True,162.5,영통 차로수별 중앙값,53.3,횡단보도행
수원-1157,,37.25161304,127.0416448,9.0,33.3,True,162.5,영통 차로수별 중앙값,45.9,횡단보도행
수원-1156,,37.25161304,127.0416448,9.0,41.7,True,162.5,영통 차로수별 중앙값,39.8,횡단보도행
수원-1155,,37.25419297,127.0395271,9.0,28.4,True,180.0,근접,58.1,횡단보도행
수원-1154,경기도 수원시 영통구 권선로 820,37.25447348,127.0392142,8.0,28.2,True,180.0,근접,58.2,횡단보도행
수원-1153,경기도 수원시 영통구 권선로 802,37.25566017,127.0384063,6.0,24.3,True,180.0,근접,61.4,횡단보도행
수원-1152,경기도 수원시 영통구 권선로 786,37.2562221,127.0368805,7.0,25.1,True,180.0,동일노선 확장,60.8,횡단보도행
수원-1151,경기도 수원시 권선구 권선로 782,37.25637321,127.0363383,7.0,26.5,True,162.5,영통 차로수별 중앙값,51.2,횡단보도행
수원-1150,경기도 수원시 권선구 권선로 756,37.25714678,127.033627,7.0,23.5,True,180.0,동일노선 확장,62.1,횡단보도행
수원-1149,경기도 수원시 권선구 권선로 744,37.25746642,127.0323959,6.0,23.8,True,180.0,근접,61.8,횡단보도행
수원-1148,경기도 수원시 권선구 권광로 116,37.25792827,127.0306564,7.0,25.2,True,180.0,근접,60.7,횡단보도행
수원-1147,경기도 수원시 권선구 권광로 119,37.25861166,127.0302349,7.0,26.7,True,162.5,영통 차로수별 중앙값,51.0,횡단보도행
수원-1146,경기도 수원시 권선구 권선로 708,37.25838865,127.028556,2.0,6.6,False,180.0,근접,0.0,횡단보도행
수원-1145,경기도 수원시 권선구 권선로 704,37.25857645,127.0281826,7.0,23.5,True,180.0,근접,62.1,횡단보도행
수원-1144,경기도 수원시 권선구 권선로 693,37.259411,127.0272414,6.0,23.9,True,180.0,근접,61.8,횡단보도행
수원-1143,경기도 수원시 권선구 경수대로 374,37.25966006,127.0241611,7.0,30.4,True,162.5,영통 차로수별 중앙값,48.2,횡단보도행
수원-1142,경기도 수원시 권선구 경수대로 373,37.25984608,127.023348,7.0,29.8,True,180.0,동일노선 확장,57.0,횡단보도행
수원-1141,경기도 수원시 권선구 권선로 655,37.26044978,127.0232878,1.0,5.5,False,180.0,근접,0.0,횡단보도행
수원-1140,경기도 수원시 권선구 장다리로 118,37.2605554,127.0226556,7.0,23.9,True,180.0,근접,61.8,횡단보도행
수원-1139,경기도 수원시 권선구 권선로 645,37.26068833,127.0220909,7.0,24.1,True,180.0,근접,61.6,횡단보도행
수원-1138,경기도 수원시 권선구 권선로 638,37.26050363,127.0210112,7.0,23.2,True,180.0,근접,62.3,횡단보도행
수원-1137,경기도 수원시 권선구 세지로 110,37.26142542,127.0193571,7.0,23.0,True,180.0,동일노선 확장,62.5,횡단보도행
수원-1136,,37.2615014,127.0188333,8.0,25.3,True,162.5,영통 차로수별 중앙값,52.2,횡단보도행
수원-1135,경기도 수원시 권선구 권선로 592,37.26189019,127.0161738,7.0,25.4,True,180.0,근접,60.5,횡단보도행
수원-1134,,37.26275719,127.0145047,8.0,25.1,True,162.5,영통 차로수별 중앙값,52.3,횡단보도행
수원-1607,,37.26786073,126.9562302,1.0,7.0,False,160.0,근접,0.0,횡단보도행
수원-1606,,37.26762755,126.9563299,4.0,14.4,True,160.0,근접,60.0,횡단보도행
수원-1605,경기도 수원시 권선구 매실로 34,37.26736547,126.954829,1.0,7.3,False,160.0,근접,0.0,횡단보도행
수원-1604,경기도 수원시 권선구 매실로 35-3,37.26781626,126.9548483,1.0,11.9,False,160.0,근접,0.0,횡단보도행
수원-1603,,37.26755838,126.9548099,4.0,13.9,True,160.0,근접,60.5,횡단보도행
수원-1602,,37.26743157,126.9541855,4.0,13.0,True,160.0,근접,61.2,횡단보도행
수원-1601,,37.2676928,126.9538253,1.0,10.4,False,160.0,근접,0.0,횡단보도행
수원-1600,,37.26745695,126.9532316,4.0,13.4,True,160.0,근접,60.9,횡단보도행
수원-1599,,37.2674544,126.9527018,4.0,13.9,True,160.0,근접,60.5,횡단보도행
수원-1175,경기도 수원시 권선구 권중로 110,37.24936678,127.027081,4.0,12.7,True,90.0,동일노선 확장,27.5,횡단보도행
수원-1174,경기도 수원시 권선구 권중로 110,37.24936678,127.027081,4.0,14.5,True,90.0,동일노선 확장,26.1,횡단보도행
수원-1173,,37.25010435,127.0284384,4.0,16.3,True,90.0,근접,24.7,횡단보도행
수원-1172,경기도 수원시 권선구 권중로 82,37.25155568,127.0290273,4.0,13.0,True,180.0,근접,71.1,횡단보도행
수원-1171,경기도 수원시 권선구 권중로 85,37.25132632,127.0297163,4.0,13.2,False,180.0,근접,0.0,횡단보도행
수원-1170,경기도 수원시 권선구 권중로76번길 9,37.252172,127.0292939,4.0,12.8,False,120.0,근접,0.0,횡단보도행
수원-1169,경기도 수원시 권선구 권중로 66,37.25206171,127.0310423,4.0,13.1,True,90.0,근접,27.1,횡단보도행
수원-1168,경기도 수원시 권선구 권중로 66,37.25206171,127.0310423,4.0,16.8,True,90.0,근접,24.3,횡단보도행
수원-1167,경기도 수원시 권선구 권중로 46,37.25346098,127.0315749,4.0,13.2,True,180.0,근접,70.9,횡단보도행
수원-1166,경기도 수원시 권선구 권중로 31,37.25425547,127.0328403,4.0,14.0,True,150.0,영통 차로수별 중앙값,55.5,횡단보도행
수원-1165,경기도 수원시 권선구 권중로 19,37.25556657,127.0329264,2.0,13.4,False,120.0,영통 차로수별 중앙값,0.0,횡단보도행
수원-1164,,37.24594703,127.0501785,8.0,27.5,True,180.0,근접,58.8,횡단보도행
수원-1163,,37.2475673,127.0477742,9.0,33.1,True,162.5,영통 차로수별 중앙값,46.1,횡단보도행
수원-1162,,37.2475673,127.0477742,8.0,27.4,True,162.5,영통 차로수별 중앙값,50.5,횡단보도행
수원-1161,,37.24791343,127.0486084,1.0,7.6,False,180.0,근접,0.0,횡단보도행
수원-1160,,37.24851076,127.0462761,8.0,27.2,True,162.5,영통 차로수별 중앙값,50.6,횡단보도행
수원-1159,경기도 수원시 영통구 권선로 903,37.24902792,127.0459226,7.0,27.8,True,162.5,영통 차로수별 중앙값,50.2,횡단보도행
수원-1633,경기도 수원시 권선구 산업로 195-66,37.24382318,126.9834453,3.0,10.4,False,120.0,영통 차로수별 중앙값,0.0,횡단보도행
수원-1632,경기도 수원시 권선구 산업로 173-36,37.24435391,126.9832322,3.0,10.3,False,120.0,영통 차로수별 중앙값,0.0,횡단보도행
수원-1631,경기도 수원시 권선구 산업로 173-51,37.24473731,126.9822327,3.0,10.5,False,120.0,영통 차로수별 중앙값,0.0,횡단보도행
수원-1630,,37.23932614,126.9748429,5.0,19.5,True,150.0,영통 차로수별 중앙값,50.8,횡단보도행
수원-1629,경기도 수원시 권선구 산업로 94,37.23999419,126.9753313,5.0,22.9,True,150.0,영통 차로수별 중앙값,48.1,횡단보도행
수원-1628,경기도 수원시 권선구 산업로 108,37.24029563,126.9768964,6.0,19.5,True,162.5,영통 차로수별 중앙값,56.9,횡단보도행
수원-1627,경기도 수원시 권선구 산업로 112,37.24030019,126.9771895,4.0,18.3,True,150.0,영통 차로수별 중앙값,51.8,횡단보도행
수원-1626,,37.24079181,126.9787195,5.0,22.4,True,150.0,영통 차로수별 중앙값,48.5,횡단보도행
수원-1625,경기도 수원시 권선구 오목천로152번길 75,37.24181115,126.9791048,6.0,26.5,True,162.5,영통 차로수별 중앙값,51.2,횡단보도행
수원-1624,,37.24069958,126.976699,7.0,28.2,True,162.5,영통 차로수별 중앙값,49.9,횡단보도행
수원-1623,,37.24239363,126.9826016,5.0,19.5,True,140.0,근접,46.0,횡단보도행
수원-1622,경기도 수원시 권선구 산업로155번길 7,37.2424953,126.9807372,5.0,17.4,True,160.0,근접,57.5,횡단보도행
수원-1621,경기도 수원시 권선구 산업로155번길 8,37.24263742,126.9823147,5.0,16.9,True,140.0,근접,48.1,횡단보도행
수원-1620,경기도 수원시 권선구 산업로 174-14,37.2419836,126.9833005,5.0,16.9,True,140.0,근접,48.1,횡단보도행
수원-1619,경기도 수원시 권선구 산업로 173-8,37.24307687,126.9838676,5.0,17.7,True,120.0,근접,37.8,횡단보도행
수원-1618,경기도 수원시 권선구 산업로 195-8,37.24333151,126.9864591,4.0,17.0,True,120.0,근접,38.4,횡단보도행
수원-1617,경기도 수원시 권선구 산업로155번길 292,37.24297619,126.9876679,5.0,16.1,True,120.0,동일노선 확장,39.1,횡단보도행
수원-1616,경기도 수원시 권선구 산업로 220,37.24196972,126.988385,5.0,16.7,True,150.0,영통 차로수별 중앙값,53.2,횡단보도행
수원-1615,,37.24192296,126.9895044,5.0,6.6,True,120.0,근접,47.2,횡단보도행
수원-1614,,37.26974095,126.9612574,4.0,14.8,True,160.0,근접,59.7,횡단보도행
수원-1613,,37.26962225,126.9603217,4.0,16.4,True,160.0,근접,58.3,횡단보도행
수원-1612,,37.26951523,126.9600096,4.0,21.0,True,160.0,근접,54.4,횡단보도행
수원-1611,,37.2687432,126.9586146,5.0,17.1,True,160.0,근접,57.7,횡단보도행
수원-1610,,37.26865201,126.9583155,5.0,16.7,True,160.0,근접,58.1,횡단보도행
수원-1609,,37.26787576,126.9569718,4.0,14.0,True,160.0,근접,60.4,횡단보도행
수원-1608,,37.26787576,126.9569718,4.0,16.1,True,160.0,근접,58.6,횡단보도행
수원-1233,,37.26723106,127.0308364,7.0,22.3,True,180.0,근접,63.1,횡단보도행
수원-1232,경기도 수원시 팔달구 인계로108번길 4,37.2676666,127.0292087,6.0,18.9,True,180.0,근접,66.0,횡단보도행
수원-1231,경기도 수원시 팔달구 경수대로 472,37.26804772,127.0275822,7.0,20.4,True,162.5,영통 차로수별 중앙값,56.2,횡단보도행
수원-1655,,37.23882383,126.9618941,5.0,13.3,True,150.0,영통 차로수별 중앙값,56.1,횡단보도행
수원-1654,,37.2404368,126.9623432,4.0,14.7,True,120.0,근접,40.3,횡단보도행
수원-1653,경기도 수원시 권선구 삼천병마로 1553,37.24144929,126.9624682,4.0,10.4,True,120.0,근접,43.9,횡단보도행
수원-1652,경기도 수원시 권선구 삼천병마로 1565,37.24231624,126.9628229,2.0,12.2,True,120.0,근접,42.3,횡단보도행
수원-1651,경기도 수원시 권선구 삼천병마로 1580,37.24346424,126.9635363,2.0,7.7,False,120.0,근접,0.0,횡단보도행
수원-1650,경기도 수원시 권선구 삼천병마로 1595,37.24493296,126.9634132,2.0,5.2,False,120.0,영통 차로수별 중앙값,0.0,횡단보도행
수원-1649,경기도 수원시 권선구 삼천병마로1598번길 3,37.24529488,126.963715,2.0,6.8,False,120.0,영통 차로수별 중앙값,0.0,횡단보도행
수원-1648,경기도 수원시 권선구 삼천병마로 1604,37.24568165,126.9635319,2.0,6.4,True,120.0,영통 차로수별 중앙값,47.3,횡단보도행
수원-1647,경기도 수원시 권선구 산업로155번길 280-23,37.2440015,126.9871423,2.0,6.5,False,120.0,동일노선 확장,0.0,횡단보도행
수원-1646,경기도 수원시 권선구 산업로 195-22,37.24425017,126.9862837,2.0,10.6,False,120.0,동일노선 확장,0.0,횡단보도행
수원-1645,경기도 수원시 권선구 산업로 195-26,37.24435476,126.9854596,2.0,34.8,False,120.0,동일노선 확장,0.0,횡단보도행
수원-1644,경기도 수원시 권선구 산업로 195-66,37.24382318,126.9834453,2.0,10.4,False,120.0,영통 차로수별 중앙값,0.0,횡단보도행
수원-1643,경기도 수원시 권선구 산업로 185,37.24361446,126.985208,3.0,10.8,True,120.0,동일노선 확장,43.5,횡단보도행
수원-1642,경기도 수원시 권선구 산업로 185,37.24361446,126.985208,3.0,11.6,False,120.0,동일노선 확장,0.0,횡단보도행
수원-1641,경기도 수원시 권선구 산업로 195-26,37.24435476,126.9854596,3.0,11.1,False,120.0,동일노선 확장,0.0,횡단보도행
수원-1640,경기도 수원시 권선구 산업로155번길 228-60,37.2450836,126.9851618,3.0,10.4,False,120.0,영통 차로수별 중앙값,0.0,횡단보도행
수원-1639,경기도 수원시 권선구 산업로155번길 142,37.2452454,126.9850593,3.0,10.6,False,120.0,영통 차로수별 중앙값,0.0,횡단보도행
수원-1638,경기도 수원시 권선구 산업로156번길 171-34,37.24098095,126.9848628,3.0,10.9,False,120.0,영통 차로수별 중앙값,0.0,횡단보도행
수원-1637,경기도 수원시 권선구 산업로 174-29,37.24142134,126.9845667,3.0,9.8,False,120.0,동일노선 확장,0.0,횡단보도행
수원-1636,경기도 수원시 권선구 산업로 174-21,37.24195114,126.9841008,3.0,10.7,False,120.0,근접,0.0,횡단보도행
수원-1635,경기도 수원시 권선구 산업로 180,37.24241103,126.9841427,3.0,9.2,True,120.0,근접,44.9,횡단보도행
수원-1634,경기도 수원시 권선구 산업로 173-8,37.24307687,126.9838676,3.0,10.5,True,120.0,근접,43.8,횡단보도행
수원-1358,,37.27493833,127.0440246,5.0,12.6,True,80.0,근접,22.8,횡단보도행
수원-1357,,37.27548906,127.0441088,2.0,9.1,False,80.0,근접,0.0,횡단보도행
수원-1356,경기도 수원시 영통구 아주로 20,37.27661283,127.0441552,4.0,14.5,True,80.0,동일노선 확장,21.4,횡단보도행
수원-1355,,37.27864482,127.0437256,4.0,13.5,True,90.0,근접,26.8,횡단보도행
수원-1354,,37.27940022,127.0438265,6.0,15.2,True,160.0,근접,59.3,횡단보도행
수원-1353,경기도 수원시 팔달구 신풍로 14,37.28254514,127.0149587,1.0,8.2,False,120.0,영통 차로수별 중앙값,0.0,횡단보도행
수원-1352,경기도 수원시 팔달구 신풍로 25,37.28331912,127.0146604,1.0,5.7,False,120.0,영통 차로수별 중앙값,0.0,횡단보도행
수원-1351,경기도 수원시 팔달구 신풍로 50,37.28546261,127.0142179,1.0,8.6,False,120.0,영통 차로수별 중앙값,0.0,횡단보도행
수원-1350,경기도 수원시 팔달구 화서문로 53-1,37.28557858,127.0139239,2.0,8.1,False,120.0,영통 차로수별 중앙값,0.0,횡단보도행
수원-1349,경기도 수원시 권선구 덕영대로 1121,37.25258024,127.0143277,2.0,6.4,False,120.0,영통 차로수별 중앙값,0.0,횡단보도행
수원-1348,경기도 수원시 권선구 세지로15번길 2,37.25379972,127.0149626,2.0,8.5,False,120.0,영통 차로수별 중앙값,0.0,횡단보도행
수원-1347,경기도 수원시 권선구 세지로 25,37.2546398,127.015397,2.0,8.0,False,120.0,영통 차로수별 중앙값,0.0,횡단보도행
수원-1346,경기도 수원시 권선구 세지로 41,37.25585937,127.0160545,2.0,8.5,False,120.0,영통 차로수별 중앙값,0.0,횡단보도행
수원-1345,경기도 수원시 권선구 세권로 114-1,37.25736784,127.016823,2.0,8.8,True,120.0,영통 차로수별 중앙값,45.2,횡단보도행
수원-1344,경기도 수원시 권선구 세지로 61,37.25763899,127.016997,2.0,8.1,True,120.0,영통 차로수별 중앙값,45.9,횡단보도행
수원-1343,경기도 수원시 권선구 세지로 88,37.25953729,127.0183203,2.0,9.4,False,120.0,영통 차로수별 중앙값,0.0,횡단보도행
수원-1342,경기도 수원시 권선구 세지로 98,37.26041355,127.0187883,2.0,9.2,False,120.0,영통 차로수별 중앙값,0.0,횡단보도행
수원-1341,경기도 수원시 권선구 권선로 620,37.26100992,127.0191454,3.0,9.9,True,120.0,영통 차로수별 중앙값,44.3,횡단보도행
수원-1340,,37.26161551,127.0190024,2.0,7.0,True,120.0,영통 차로수별 중앙값,46.8,횡단보도행
수원-1339,경기도 수원시 권선구 세지로140번길 2,37.26391814,127.0205592,2.0,6.9,False,180.0,근접,0.0,횡단보도행
수원-1338,경기도 수원시 권선구 효원로 174,37.26427951,127.0207599,2.0,8.3,True,180.0,근접,75.4,횡단보도행
수원-1337,,37.26486804,127.0185992,3.0,7.6,True,120.0,영통 차로수별 중앙값,46.3,횡단보도행
수원-1336,,37.26690671,127.0218981,2.0,6.8,False,130.0,근접,0.0,횡단보도행
수원-1335,,37.26906187,127.0242816,3.0,11.4,True,101.0,동일노선 확장,33.8,횡단보도행
수원-1334,,37.26968339,127.0235364,4.0,17.2,True,101.0,근접,29.2,횡단보도행
수원-1361,경기도 수원시 팔달구 창룡문로 105,37.28603062,127.0253602,2.0,6.9,False,120.0,영통 차로수별 중앙값,0.0,횡단보도행
수원-1360,,37.28646676,127.0267549,2.0,7.8,False,120.0,영통 차로수별 중앙값,0.0,횡단보도행
수원-1359,,37.27665213,127.0437194,3.0,14.4,False,80.0,동일노선 확장,0.0,횡단보도행
수원-0701,경기도 수원시 장안구 창훈로60번길 50,37.29950619,127.0298227,4.0,16.3,True,90.0,근접,24.7,횡단보도행
수원-0700,,37.30082127,127.0312259,4.0,11.8,False,90.0,근접,0.0,횡단보도행
수원-0699,,37.30139649,127.031305,4.0,13.0,False,90.0,동일노선 확장,0.0,횡단보도행
수원-0698,경기도 수원시 장안구 광교산로 172,37.30245421,127.032219,2.0,13.3,False,120.0,영통 차로수별 중앙값,0.0,횡단보도행
수원-0697,,37.30734937,127.0298105,2.0,6.3,False,120.0,영통 차로수별 중앙값,0.0,횡단보도행
수원-0696,,37.30937705,127.0275517,2.0,9.9,False,120.0,영통 차로수별 중앙값,0.0,횡단보도행
수원-0695,경기도 수원시 장안구 광교산로 262,37.30935868,127.0276398,2.0,10.1,False,120.0,영통 차로수별 중앙값,0.0,횡단보도행
수원-0694,,37.31233988,127.0220159,2.0,8.6,False,60.0,동일노선 확장,0.0,횡단보도행
수원-0693,경기도 수원시 장안구 광교산로 367,37.31595799,127.0189762,2.0,9.4,False,120.0,영통 차로수별 중앙값,0.0,횡단보도행
수원-0692,,37.32208147,127.0155116,2.0,8.7,False,120.0,영통 차로수별 중앙값,0.0,횡단보도행
수원-0691,,37.32393174,127.0154166,2.0,9.1,False,120.0,영통 차로수별 중앙값,0.0,횡단보도행
수원-0690,,37.33372914,127.0167836,2.0,8.5,False,120.0,영통 차로수별 중앙값,0.0,횡단보도행
수원-0689,경기도 수원시 장안구 광교산로 37,37.29542372,127.0210363,4.0,21.5,True,160.0,근접,54.0,횡단보도행
수원-0688,,37.29648022,127.021728,4.0,12.1,True,160.0,동일노선 확장,62.0,횡단보도행
수원-0687,경기도 수원시 장안구 조원로24번길 5,37.29690997,127.0207787,3.0,7.4,True,160.0,근접,66.2,횡단보도행
수원-0686,,37.29861795,127.018439,2.0,6.0,False,90.0,근접,0.0,횡단보도행
수원-0685,경기도 수원시 장안구 조원로 68,37.29958339,127.0176475,2.0,6.1,False,90.0,근접,0.0,횡단보도행
수원-0684,경기도 수원시 장안구 조원로 88,37.30095556,127.0159462,2.0,5.9,True,90.0,근접,33.0,횡단보도행
수원-0683,경기도 수원시 장안구 조원로 91,37.30096306,127.0155738,2.0,5.1,True,90.0,근접,33.7,횡단보도행
수원-1749,,37.26483139,126.9941792,10.0,30.6,True,135.0,동일노선 확장,35.1,횡단보도행
수원-1748,,37.26601764,126.9935361,8.0,51.2,False,162.5,영통 차로수별 중앙값,0.0,횡단보도행
수원-1747,경기도 수원시 권선구 서호동로 54,37.26921702,126.9942461,6.0,38.5,True,180.0,근접,50.3,횡단보도행
수원-1746,경기도 수원시 권선구 수인로 43-23,37.26959304,126.9936459,8.0,37.3,True,180.0,근접,51.2,횡단보도행
수원-1745,,37.27023449,126.9942166,9.0,33.9,True,180.0,근접,53.7,횡단보도행
수원-1744,,37.27124622,126.9941217,6.0,35.8,True,180.0,동일노선 확장,52.3,횡단보도행
수원-1743,경기도 수원시 권선구 세권로 334,37.25055638,127.0402423,2.0,6.5,False,75.0,근접,0.0,횡단보도행
수원-1742,경기도 수원시 권선구 세권로316번길 15,37.25065029,127.0379953,2.0,8.0,True,150.0,근접,60.8,횡단보도행
수원-1741,경기도 수원시 권선구 세권로316번길 15,37.25065029,127.0379953,2.0,8.5,True,150.0,근접,60.3,횡단보도행
수원-1740,경기도 수원시 권선구 세권로316번길 4,37.25163846,127.0380249,4.0,14.4,True,150.0,근접,55.1,횡단보도행
수원-1739,,37.25223007,127.0368633,4.0,18.4,True,150.0,동일노선 확장,51.8,횡단보도행
수원-1738,경기도 수원시 권선구 동수원로 258,37.25263767,127.0353801,4.0,12.7,True,150.0,영통 차로수별 중앙값,56.6,횡단보도행
수원-1737,경기도 수원시 권선구 세권로 276,37.25275593,127.0333609,4.0,15.4,True,150.0,영통 차로수별 중앙값,54.3,횡단보도행
수원-1736,경기도 수원시 권선구 세권로 276,37.25275593,127.0333609,4.0,13.2,True,150.0,영통 차로수별 중앙값,56.2,횡단보도행
수원-1735,,37.25290436,127.0323351,4.0,13.2,True,180.0,동일노선 확장,70.9,횡단보도행
수원-1734,경기도 수원시 권선구 권중로 46,37.25346098,127.0315749,4.0,11.8,True,180.0,근접,72.2,횡단보도행
수원-1733,경기도 수원시 권선구 세권로 246,37.25374692,127.0309417,4.0,13.6,False,180.0,근접,0.0,횡단보도행
수원-1732,경기도 수원시 권선구 세권로 246,37.25374692,127.0309417,5.0,17.6,False,180.0,근접,0.0,횡단보도행
수원-1731,경기도 수원시 권선구 세권로 230,37.25428081,127.0292001,5.0,16.1,True,180.0,동일노선 확장,68.4,횡단보도행
수원-1730,경기도 수원시 권선구 권광로 71,37.25436036,127.0287953,4.0,12.0,True,180.0,동일노선 확장,72.0,횡단보도행
수원-1729,경기도 수원시 권선구 세권로212번길 3,37.25470088,127.0274378,4.0,12.3,True,140.0,동일노선 확장,52.0,횡단보도행
수원-1728,경기도 수원시 권선구 세권로207번길 2,37.25510203,127.0271668,5.0,15.7,True,140.0,동일노선 확장,49.1,횡단보도행
수원-1727,경기도 수원시 권선구 세권로 197,37.25547506,127.0257775,5.0,15.1,True,115.0,근접,37.5,횡단보도행
수원-1726,경기도 수원시 권선구 세권로 196,37.25517638,127.0254749,4.0,11.2,True,115.0,근접,40.7,횡단보도행
수원-1725,경기도 수원시 권선구 세권로181번길 1,37.25588304,127.0241172,4.0,12.7,True,140.0,근접,51.7,횡단보도행
수원-1724,경기도 수원시 권선구 경수대로 330,37.25595662,127.0222448,4.0,14.1,True,150.0,영통 차로수별 중앙값,55.4,횡단보도행
수원-1777,경기도 수원시 권선구 오목천로 40,37.23990472,126.9668876,4.0,16.7,True,120.0,근접,38.6,횡단보도행
수원-1776,경기도 수원시 권선구 오목천로 58,37.23985587,126.9689172,5.0,16.9,True,120.0,근접,38.5,횡단보도행
수원-1775,경기도 수원시 권선구 오목천로57번길 10-21,37.2406083,126.9698703,7.0,25.0,True,120.0,근접,32.3,횡단보도행
수원-1774,,37.2405821,126.970233,7.0,25.1,True,120.0,근접,32.2,횡단보도행
수원-1773,경기도 수원시 권선구 오목천로 105,37.24228181,126.9732184,5.0,20.8,True,120.0,근접,35.4,횡단보도행
수원-1772,,37.24231558,126.9734556,6.0,20.0,True,120.0,근접,36.0,횡단보도행
수원-1771,경기도 수원시 권선구 오목천로 131,37.24429016,126.9748506,5.0,20.3,True,120.0,근접,35.8,횡단보도행
수원-1770,경기도 수원시 권선구 오목천로 131,37.24429016,126.9748506,6.0,20.0,True,120.0,근접,36.0,횡단보도행
수원-1769,경기도 수원시 권선구 오목천로 161,37.2454392,126.9778531,7.0,23.4,True,160.0,근접,52.5,횡단보도행
수원-1768,경기도 수원시 권선구 서부로 1534,37.24646685,126.9786224,2.0,9.0,True,120.0,영통 차로수별 중앙값,45.1,횡단보도행
수원-1767,경기도 수원시 권선구 고현로 1,37.24812276,126.9875767,3.0,13.2,False,120.0,근접,0.0,횡단보도행
수원-1766,경기도 수원시 권선구 고현로 12,37.24914159,126.9881784,4.0,13.9,False,120.0,근접,0.0,횡단보도행
수원-1765,,37.2489069,126.9913403,6.0,14.6,True,162.5,영통 차로수별 중앙값,61.1,횡단보도행
수원-1764,,37.24862992,126.9918718,2.0,11.4,True,120.0,영통 차로수별 중앙값,43.0,횡단보도행
수원-1763,,37.27726442,126.9787388,2.0,7.8,True,120.0,영통 차로수별 중앙값,46.1,횡단보도행
수원-1762,경기도 수원시 권선구 여기산로 24,37.27968709,126.9787559,2.0,9.0,True,90.0,근접,30.4,횡단보도행
수원-1761,경기도 수원시 권선구 여기산로 29,37.2806661,126.9779595,2.0,8.3,True,90.0,동일노선 확장,31.0,횡단보도행
수원-1760,경기도 수원시 권선구 구운로4번길 34,37.27849556,126.976192,2.0,7.6,True,120.0,영통 차로수별 중앙값,46.3,횡단보도행
수원-1759,경기도 수원시 권선구 구운로4번길 34,37.27849556,126.976192,2.0,7.7,True,120.0,영통 차로수별 중앙값,46.2,횡단보도행
수원-1758,,37.26640333,126.9806324,2.0,11.2,False,120.0,영통 차로수별 중앙값,0.0,횡단보도행
수원-1757,경기도 수원시 권선구 수봉로 47,37.26586401,126.9776783,2.0,7.1,True,70.0,근접,22.3,횡단보도행
수원-1756,경기도 수원시 권선구 수봉로 47,37.26586401,126.9776783,2.0,7.1,True,70.0,근접,22.3,횡단보도행
수원-1755,,37.26393342,126.9752163,2.0,5.8,False,120.0,영통 차로수별 중앙값,0.0,횡단보도행
수원-1754,,37.26332872,126.9727508,2.0,8.1,True,210.0,근접,90.4,횡단보도행
수원-1753,,37.25953323,126.9987061,10.0,25.7,True,180.0,동일노선 확장,60.3,횡단보도행
수원-1752,,37.25940435,126.9979783,9.0,24.4,True,180.0,근접,61.3,횡단보도행
수원-1751,,37.26089713,126.9965579,9.0,29.7,True,180.0,동일노선 확장,57.0,횡단보도행
수원-1805,경기도 수원시 권선구 칠보로 161,37.26622184,126.9570365,7.0,22.4,True,160.0,근접,53.3,횡단보도행
수원-1804,,37.26600488,126.9551041,1.0,5.4,False,160.0,근접,0.0,횡단보도행
수원-1803,경기도 수원시 권선구 칠보로 146,37.26555389,126.9548759,7.0,21.8,True,160.0,근접,53.8,횡단보도행
수원-1802,경기도 수원시 권선구 칠보로 140,37.26555078,126.9541992,7.0,22.5,True,60.0,근접,7.8,횡단보도행
수원-1801,,37.26646507,126.9497938,8.0,25.7,True,160.0,근접,50.6,횡단보도행
수원-1800,,37.26646507,126.9497938,9.0,27.7,True,160.0,근접,49.1,횡단보도행
수원-1799,,37.26612253,126.9482382,7.0,22.3,True,160.0,근접,53.4,횡단보도행
수원-1798,,37.26732719,126.9431969,6.0,22.4,True,160.0,근접,53.3,횡단보도행
수원-1797,,37.26746165,126.9417787,6.0,19.0,True,160.0,동일노선 확장,56.1,횡단보도행
수원-1796,,37.26746165,126.9417787,5.0,15.6,True,160.0,동일노선 확장,59.0,횡단보도행
수원-1795,,37.26760457,126.9394018,4.0,15.1,False,160.0,근접,0.0,횡단보도행
수원-1794,경기도 수원시 권선구 입북로 4,37.29235187,126.9607073,2.0,5.2,False,120.0,영통 차로수별 중앙값,0.0,횡단보도행
수원-1793,경기도 수원시 권선구 입북로 23,37.29382423,126.9594106,2.0,6.0,False,100.0,동일노선 확장,0.0,횡단보도행
수원-1792,,37.2950254,126.9592022,1.0,6.1,False,100.0,근접,0.0,횡단보도행
수원-1791,경기도 수원시 권선구 입북로 35,37.2948694,126.9593129,2.0,6.7,True,100.0,근접,37.2,횡단보도행
수원-1790,경기도 수원시 권선구 입북로 37,37.29513048,126.9592433,3.0,6.1,True,100.0,근접,37.8,횡단보도행
수원-1789,경기도 수원시 권선구 입북로 49-2,37.29621793,126.958536,2.0,10.5,True,100.0,근접,34.0,횡단보도행
수원-1788,경기도 수원시 권선구 입북로 65,37.29727414,126.9581294,2.0,8.3,False,100.0,근접,0.0,횡단보도행
수원-1787,,37.29830281,126.9576455,2.0,15.0,True,100.0,동일노선 확장,30.4,횡단보도행
수원-1786,,37.29872794,126.9574069,2.0,13.8,True,120.0,영통 차로수별 중앙값,41.0,횡단보도행
수원-1785,,37.30170751,126.9563108,2.0,13.4,True,120.0,영통 차로수별 중앙값,41.3,횡단보도행
수원-1784,경기도 수원시 권선구 호매실로90번길 2,37.25581652,126.9642381,1.0,6.0,False,120.0,영통 차로수별 중앙값,0.0,횡단보도행
수원-1783,,37.25587504,126.9650595,1.0,10.7,False,160.0,근접,0.0,횡단보도행
수원-1782,경기도 수원시 권선구 새터로 32,37.25312259,127.0059797,1.0,7.1,False,120.0,영통 차로수별 중앙값,0.0,횡단보도행
수원-1781,경기도 수원시 권선구 덕영대로 1062,37.25516941,127.0083006,1.0,9.2,False,120.0,영통 차로수별 중앙값,0.0,횡단보도행
수원-1780,,37.24009763,126.9629867,6.0,23.1,True,120.0,근접,33.7,횡단보도행
수원-1779,경기도 수원시 권선구 오목천로 20,37.23987264,126.9646328,5.0,20.1,True,120.0,근접,36.0,횡단보도행
수원-1778,경기도 수원시 권선구 오목천로 24,37.23969613,126.9656259,5.0,16.9,True,120.0,근접,38.5,횡단보도행
수원-1832,,37.26156014,126.9998846,3.0,21.1,False,120.0,영통 차로수별 중앙값,0.0,횡단보도행
수원-1831,,37.26153606,126.9978655,2.0,7.7,False,120.0,영통 차로수별 중앙값,0.0,횡단보도행
수원-1830,,37.26104415,126.9963868,2.0,9.1,False,180.0,근접,0.0,횡단보도행
수원-1829,,37.26104415,126.9963868,2.0,9.6,False,180.0,근접,0.0,횡단보도행
수원-1828,경기도 수원시 권선구 평동로 92,37.25918542,126.9944598,2.0,5.2,False,120.0,영통 차로수별 중앙값,0.0,횡단보도행
수원-1827,경기도 수원시 권선구 평동로 90,37.25892335,126.9942953,2.0,6.8,False,120.0,영통 차로수별 중앙값,0.0,횡단보도행
수원-1826,,37.25573437,126.9909162,2.0,7.9,True,180.0,근접,75.7,횡단보도행
수원-1825,,37.25494926,126.9908117,3.0,5.7,True,180.0,근접,77.7,횡단보도행
수원-1824,,37.25303081,126.9879303,2.0,7.8,True,180.0,근접,75.8,횡단보도행
수원-1823,경기도 수원시 권선구 탑동로 1,37.26905278,126.9751524,2.0,9.3,True,140.0,근접,54.6,횡단보도행
수원-1822,경기도 수원시 권선구 탑동로12번길 2,37.2700028,126.975299,2.0,9.5,False,100.0,동일노선 확장,0.0,횡단보도행
수원-1821,경기도 수원시 권선구 탑동로 14,37.2701889,126.9752347,2.0,9.2,False,100.0,동일노선 확장,0.0,횡단보도행
수원-1820,경기도 수원시 권선구 상탑로 34,37.27100794,126.9749583,2.0,9.6,True,100.0,근접,34.8,횡단보도행
수원-1819,경기도 수원시 권선구 탑동로 25,37.27121325,126.9745057,2.0,10.0,True,100.0,근접,34.4,횡단보도행
수원-1818,경기도 수원시 권선구 탑동로36번길 2,37.27206139,126.9746916,3.0,12.2,False,100.0,근접,0.0,횡단보도행
수원-1817,경기도 수원시 권선구 탑동로39번길 1,37.27229349,126.9741824,3.0,12.8,False,100.0,근접,0.0,횡단보도행
수원-1816,경기도 수원시 권선구 탑동로47번길 1,37.27303165,126.973963,2.0,9.7,True,100.0,동일노선 확장,34.7,횡단보도행
수원-1815,경기도 수원시 권선구 탑동로 50,37.27329465,126.9743221,2.0,10.5,True,100.0,동일노선 확장,34.0,횡단보도행
수원-1814,경기도 수원시 권선구 탑동로58번길 6-2,37.27397884,126.9741256,2.0,9.7,True,100.0,근접,34.7,횡단보도행
수원-1813,경기도 수원시 권선구 탑동로 60,37.27419486,126.9740564,2.0,9.6,True,100.0,근접,34.8,횡단보도행
수원-1812,경기도 수원시 권선구 탑동로 68,37.27495115,126.9738594,4.0,15.0,True,100.0,동일노선 확장,30.4,횡단보도행
수원-1811,,37.26674081,126.9620933,8.0,16.1,True,160.0,근접,58.6,횡단보도행
수원-1810,,37.2666233,126.9610111,2.0,12.2,False,160.0,동일노선 확장,0.0,횡단보도행
수원-1809,,37.2666233,126.9610111,2.0,6.6,False,160.0,동일노선 확장,0.0,횡단보도행
수원-1808,경기도 수원시 권선구 호매실로218번길 126,37.26608623,126.9608947,9.0,30.7,True,100.0,근접,19.4,횡단보도행
수원-1807,경기도 수원시 권선구 매실로 70,37.26832937,126.9584686,8.0,31.6,True,160.0,근접,46.1,횡단보도행
수원-1806,경기도 수원시 권선구 칠보로 169,37.26641515,126.9579149,8.0,26.0,True,160.0,근접,50.4,횡단보도행
수원-1859,경기도 수원시 권선구 효탑로 51,37.26806883,126.9727988,1.0,9.3,False,140.0,근접,0.0,횡단보도행
수원-1858,경기도 수원시 권선구 호매실로 54-2,37.25593205,126.9678684,6.0,12.8,True,160.0,근접,61.4,횡단보도행
수원-1857,경기도 수원시 권선구 호매실로 54-2,37.25593205,126.9678684,5.0,20.3,True,160.0,근접,55.0,횡단보도행
수원-1856,경기도 수원시 권선구 호매실로 54-2,37.25593205,126.9678684,5.0,18.0,True,160.0,근접,57.0,횡단보도행
수원-1855,경기도 수원시 권선구 호매실로 54-2,37.25593205,126.9678684,4.0,14.4,True,160.0,근접,60.0,횡단보도행
수원-1854,경기도 수원시 권선구 호매실로 54-2,37.25593205,126.9678684,4.0,14.4,True,160.0,근접,60.0,횡단보도행
수원-1853,,37.25501959,126.9656503,7.0,15.4,True,160.0,근접,59.2,횡단보도행
수원-1852,,37.25501959,126.9656503,7.0,15.9,True,160.0,근접,58.7,횡단보도행
수원-1851,,37.25544541,126.9626243,6.0,19.1,True,150.0,근접,51.2,횡단보도행
수원-1850,,37.25544541,126.9626243,7.0,23.2,True,150.0,근접,47.8,횡단보도행
수원-1849,,37.25988194,126.9570355,7.0,25.8,True,150.0,근접,45.8,횡단보도행
수원-1848,,37.25988194,126.9570355,7.0,21.7,True,150.0,근접,49.0,횡단보도행
수원-1847,,37.25988194,126.9570355,7.0,24.0,True,150.0,근접,47.2,횡단보도행
수원-1846,,37.26184373,126.956959,7.0,30.0,True,180.0,근접,56.8,횡단보도행
수원-1845,,37.26315478,126.957011,7.0,21.4,True,160.0,근접,54.1,횡단보도행
수원-1844,,37.26269206,126.9572368,7.0,30.0,True,160.0,근접,47.3,횡단보도행
수원-1843,경기도 수원시 권선구 호매실로 225,37.26408484,126.9567698,6.0,24.0,True,160.0,동일노선 확장,52.0,횡단보도행
수원-1842,경기도 수원시 권선구 서둔로 201,37.26943215,126.9794131,4.0,13.4,True,140.0,근접,51.1,횡단보도행
수원-1841,경기도 수원시 권선구 하탑로 50,37.26904389,126.9772164,4.0,12.7,True,140.0,동일노선 확장,51.7,횡단보도행
수원-1840,경기도 수원시 권선구 하탑로50번길 2,37.26902436,126.9768782,4.0,13.1,True,140.0,동일노선 확장,51.3,횡단보도행
수원-1839,경기도 수원시 권선구 탑동로 2,37.26912664,126.9755466,6.0,18.8,True,140.0,근접,46.6,횡단보도행
수원-1838,경기도 수원시 권선구 탑동로 1,37.26905278,126.9751524,6.0,17.6,True,140.0,근접,47.6,횡단보도행
수원-1837,경기도 수원시 권선구 하탑로 21,37.26881347,126.9740374,4.0,12.6,True,140.0,동일노선 확장,51.8,횡단보도행
수원-1836,경기도 수원시 권선구 하탑로21번길 3,37.26879419,126.9737556,4.0,12.8,True,140.0,동일노선 확장,51.6,횡단보도행
수원-1835,경기도 수원시 권선구 하탑로9번길 4,37.26861323,126.9728772,4.0,12.3,False,140.0,근접,0.0,횡단보도행
수원-1834,경기도 수원시 권선구 하탑로 8,37.26804059,126.9725315,4.0,12.1,False,140.0,근접,0.0,횡단보도행
수원-1833,경기도 수원시 권선구 서부로 1782,37.26776792,126.9720259,5.0,16.8,True,140.0,동일노선 확장,48.2,횡단보도행
수원-1886,,37.27763302,127.0671629,9.0,26.0,True,162.5,영통 차로수별 중앙값,51.6,횡단보도행
수원-1885,경기도 수원시 영통구 광교호수로152번길 23,37.28110772,127.0723182,9.0,30.1,True,162.5,영통 차로수별 중앙값,48.4,횡단보도행
수원-1884,,37.29502314,127.0801591,7.0,25.4,True,160.0,동일노선 확장,50.9,횡단보도행
수원-1883,,37.27189118,127.0594465,5.0,19.1,True,150.0,영통 차로수별 중앙값,51.2,횡단보도행
수원-1882,,37.27164157,127.0605191,5.0,19.4,True,150.0,영통 차로수별 중앙값,50.9,횡단보도행
수원-1881,경기도 수원시 영통구 광교호수공원로 80,37.27308767,127.0612627,5.0,17.9,True,180.0,근접,66.8,횡단보도행
수원-1880,경기도 수원시 영통구 광교호수공원로 80,37.27308767,127.0612627,4.0,12.2,True,180.0,근접,71.8,횡단보도행
수원-1879,,37.28091452,127.0658507,4.0,13.5,True,150.0,영통 차로수별 중앙값,55.9,횡단보도행
수원-1878,경기도 수원시 영통구 광교호수공원로 155,37.27661056,127.0601989,4.0,13.0,True,180.0,근접,71.1,횡단보도행
수원-1877,,37.27906245,127.0589671,4.0,12.9,True,150.0,영통 차로수별 중앙값,56.4,횡단보도행
수원-1876,경기도 수원시 영통구 광교호수공원로 205,37.2796927,127.0588354,4.0,12.9,True,150.0,영통 차로수별 중앙값,56.4,횡단보도행
수원-1875,,37.28394889,127.0583843,4.0,16.2,True,150.0,영통 차로수별 중앙값,53.6,횡단보도행
수원-1874,,37.28504479,127.0567083,7.0,33.0,True,160.0,근접,45.0,횡단보도행
수원-1873,경기도 수원시 영통구 월드컵로 128,37.27597185,127.050972,11.0,32.5,True,162.5,영통 차로수별 중앙값,46.6,횡단보도행
수원-1872,경기도 수원시 영통구 광교중앙로37번길 45,37.27830307,127.0514094,9.0,50.0,False,162.5,영통 차로수별 중앙값,0.0,횡단보도행
수원-1871,경기도 수원시 영통구 광교호수공원로 277,37.28394176,127.056778,11.0,37.5,True,160.0,동일노선 확장,41.7,횡단보도행
수원-1870,,37.28504479,127.0567083,9.0,31.1,True,160.0,근접,46.4,횡단보도행
수원-1869,,37.28582866,127.0594469,9.0,31.9,True,162.5,영통 차로수별 중앙값,47.0,횡단보도행
수원-1868,,37.28708984,127.0597978,9.0,34.8,True,160.0,근접,43.7,횡단보도행
수원-1867,,37.28892477,127.0627644,8.0,39.2,True,160.0,근접,40.5,횡단보도행
수원-1866,,37.29029933,127.0624334,8.0,35.5,True,162.5,영통 차로수별 중앙값,44.3,횡단보도행
수원-1865,경기도 수원시 영통구 광교중앙로 244,37.29206684,127.0668633,9.0,31.7,True,160.0,근접,46.0,횡단보도행
수원-1864,경기도 수원시 영통구 광교중앙로 250,37.29232158,127.0674909,9.0,30.0,True,160.0,근접,47.3,횡단보도행
수원-1863,경기도 수원시 영통구 법조로149번길 104,37.29371377,127.0686139,7.0,26.0,True,160.0,동일노선 확장,50.4,횡단보도행
수원-1862,경기도 수원시 영통구 광교마을로 156,37.29533687,127.0813315,4.0,13.2,True,150.0,영통 차로수별 중앙값,56.2,횡단보도행
수원-1861,,37.29512309,127.0799981,5.0,19.5,True,150.0,영통 차로수별 중앙값,50.8,횡단보도행
수원-1860,경기도 수원시 권선구 효탑로 24-3,37.26651063,126.9750999,1.0,7.1,False,120.0,영통 차로수별 중앙값,0.0,횡단보도행
수원-1913,경기도 수원시 영통구 매영로 10,37.2701205,127.0434332,5.0,11.6,True,150.0,영통 차로수별 중앙값,57.6,횡단보도행
수원-1912,경기도 수원시 영통구 동수원로 498,37.27201987,127.0452318,1.0,8.8,False,120.0,영통 차로수별 중앙값,0.0,횡단보도행
수원-1911,경기도 수원시 영통구 매영로 85,37.26815203,127.0520945,4.0,12.8,True,150.0,근접,56.5,횡단보도행
수원-1910,경기도 수원시 영통구 매봉로27번길 11,37.26939399,127.0517095,5.0,16.5,True,120.0,근접,38.8,횡단보도행
수원-1909,경기도 수원시 영통구 매봉로27번길 11,37.26939399,127.0517095,5.0,16.3,True,120.0,근접,39.0,횡단보도행
수원-1908,경기도 수원시 영통구 매봉로 31,37.27084893,127.052559,5.0,16.3,True,120.0,근접,39.0,횡단보도행
수원-1907,경기도 수원시 영통구 매봉로35번길 1,37.27109273,127.0526703,4.0,14.5,True,120.0,근접,40.4,횡단보도행
수원-1906,경기도 수원시 영통구 매봉로 45,37.27201337,127.052992,4.0,12.9,False,120.0,근접,0.0,횡단보도행
수원-1905,,37.27286001,127.0530545,4.0,18.5,True,120.0,동일노선 확장,37.2,횡단보도행
수원-1904,,37.23435698,127.0458394,6.0,24.7,True,162.5,영통 차로수별 중앙값,52.6,횡단보도행
수원-1903,,37.23435698,127.0458394,7.0,24.7,True,162.5,영통 차로수별 중앙값,52.6,횡단보도행
수원-1902,,37.23686332,127.0476776,7.0,24.4,True,180.0,근접,61.3,횡단보도행
수원-1901,,37.23870503,127.0454589,7.0,27.9,True,180.0,근접,58.5,횡단보도행
수원-1900,,37.24149191,127.0463958,7.0,24.2,True,180.0,근접,61.5,횡단보도행
수원-1899,,37.24149191,127.0463958,8.0,24.2,True,180.0,근접,61.5,횡단보도행
수원-1898,,37.24506017,127.0472486,8.0,32.5,True,162.5,영통 차로수별 중앙값,46.6,횡단보도행
수원-1897,경기도 수원시 영통구 도청로 10,37.28661418,127.0559743,10.0,33.4,True,160.0,동일노선 확장,44.7,횡단보도행
수원-1896,경기도 수원시 영통구 도청로 10,37.28661418,127.0559743,10.0,36.3,True,160.0,동일노선 확장,42.6,횡단보도행
수원-1895,경기도 수원시 영통구 도청로17번길 10,37.2861239,127.0539802,9.0,37.8,True,160.0,근접,41.5,횡단보도행
수원-1894,,37.2892098,127.0507198,7.0,36.4,True,160.0,근접,42.5,횡단보도행
수원-1893,,37.28920993,127.0503927,8.0,34.8,True,160.0,근접,43.7,횡단보도행
수원-1892,,37.29029168,127.0490852,9.0,31.4,True,160.0,동일노선 확장,46.2,횡단보도행
수원-1891,경기도 수원시 영통구 도청로 95,37.29090564,127.0477287,9.0,31.5,True,160.0,근접,46.1,횡단보도행
수원-1890,,37.2914607,127.0468304,7.0,23.4,True,160.0,근접,52.5,횡단보도행
수원-1889,경기도 수원시 영통구 광교호수로 15,37.27069616,127.061017,7.0,30.0,True,162.5,영통 차로수별 중앙값,48.5,횡단보도행
수원-1888,경기도 수원시 영통구 광교호수로 15,37.27069616,127.061017,6.0,25.0,True,162.5,영통 차로수별 중앙값,52.4,횡단보도행
수원-1887,,37.27763302,127.0671629,8.0,56.4,False,162.5,영통 차로수별 중앙값,0.0,횡단보도행
수원-1940,,37.25437679,127.0680566,5.0,17.7,True,150.0,영통 차로수별 중앙값,52.3,횡단보도행
수원-1939,,37.25437679,127.0680566,5.0,16.8,True,150.0,영통 차로수별 중앙값,53.1,횡단보도행
수원-1938,경기도 수원시 영통구 매영로 293,37.25640386,127.0676652,7.0,19.3,True,100.0,근접,27.2,횡단보도행
수원-1937,경기도 수원시 영통구 매영로 268,37.25745706,127.0654263,8.0,20.7,True,124.0,근접,37.4,횡단보도행
수원-1936,경기도 수원시 영통구 매영로 249,37.25907846,127.0651238,4.0,20.6,True,150.0,영통 차로수별 중앙값,49.9,횡단보도행
수원-1935,경기도 수원시 영통구 매영로 242,37.25972438,127.0642856,4.0,13.2,True,90.0,동일노선 확장,27.1,횡단보도행
수원-1934,경기도 수원시 영통구 매영로 225,37.26114839,127.0642323,4.0,12.6,True,90.0,근접,27.5,횡단보도행
수원-1933,,37.26160926,127.0635554,4.0,12.6,True,80.0,근접,22.8,횡단보도행
수원-1932,경기도 수원시 영통구 매영로 205,37.26359425,127.0640824,4.0,12.5,True,160.0,동일노선 확장,61.7,횡단보도행
수원-1931,경기도 수원시 영통구 매영로199번길 29,37.2642765,127.0643045,4.0,11.8,True,150.0,영통 차로수별 중앙값,57.4,횡단보도행
수원-1930,,37.26428919,127.0615039,4.0,18.3,True,180.0,근접,66.5,횡단보도행
수원-1929,경기도 수원시 영통구 매영로 176-1,37.26450838,127.0611904,4.0,13.5,True,180.0,근접,70.7,횡단보도행
수원-1928,경기도 수원시 영통구 중부대로448번길 97,37.26653891,127.0594079,5.0,13.9,True,180.0,근접,70.3,횡단보도행
수원-1927,경기도 수원시 영통구 매영로 141,37.26670559,127.0581776,5.0,17.1,True,180.0,근접,67.5,횡단보도행
수원-1926,경기도 수원시 영통구 매영로 134,37.26643118,127.0571077,6.0,20.0,True,160.0,근접,55.3,횡단보도행
수원-1925,,37.2670154,127.0556662,4.0,24.4,True,180.0,근접,61.3,횡단보도행
수원-1924,,37.26716417,127.0547578,5.0,12.5,True,180.0,근접,71.6,횡단보도행
수원-1923,,37.26730671,127.0541164,4.0,13.1,True,160.0,동일노선 확장,61.2,횡단보도행
수원-1922,경기도 수원시 영통구 매영로 85,37.26815203,127.0520945,4.0,15.2,True,150.0,근접,54.4,횡단보도행
수원-1921,경기도 수원시 영통구 매영로 79,37.26914047,127.0513148,4.0,16.9,True,120.0,근접,38.5,횡단보도행
수원-1920,경기도 수원시 영통구 매영로 69,37.26869071,127.049874,4.0,11.7,True,150.0,영통 차로수별 중앙값,57.5,횡단보도행
수원-1919,경기도 수원시 영통구 산남로 65,37.26884397,127.0491647,4.0,13.9,True,150.0,영통 차로수별 중앙값,55.6,횡단보도행
수원-1918,경기도 수원시 영통구 매영로 41,37.26932413,127.0474361,4.0,11.9,True,150.0,영통 차로수별 중앙값,57.3,횡단보도행
수원-1917,경기도 수원시 영통구 매영로 39,37.26942203,127.0471085,4.0,12.9,True,150.0,영통 차로수별 중앙값,56.4,횡단보도행
수원-1916,경기도 수원시 영통구 매영로 21,37.26995564,127.0452217,4.0,13.2,False,150.0,영통 차로수별 중앙값,0.0,횡단보도행
수원-1915,경기도 수원시 영통구 매영로 10,37.2701205,127.0434332,4.0,12.6,False,150.0,영통 차로수별 중앙값,0.0,횡단보도행
수원-1914,경기도 수원시 영통구 매영로 10,37.2701205,127.0434332,4.0,12.0,True,150.0,영통 차로수별 중앙값,57.2,횡단보도행
수원-1966,경기도 수원시 영통구 청명로43번길 17,37.2511261,127.0795352,4.0,12.9,False,120.0,동일노선 확장,0.0,횡단보도행
수원-1965,경기도 수원시 영통구 청명로21번길 20,37.25033209,127.0793141,4.0,12.6,True,120.0,근접,42.0,횡단보도행
수원-1964,경기도 수원시 영통구 매영로425번길 18,37.24961587,127.0781567,4.0,12.3,False,120.0,동일노선 확장,0.0,횡단보도행
수원-1963,경기도 수원시 영통구 반달로 58,37.24961502,127.0779199,4.0,12.7,False,120.0,동일노선 확장,0.0,횡단보도행
수원-1962,경기도 수원시 영통구 영일로 28,37.24987353,127.0771066,4.0,15.1,True,120.0,근접,39.9,횡단보도행
수원-1961,경기도 수원시 영통구 영일로 29,37.25005271,127.0768012,5.0,15.9,True,120.0,근접,39.3,횡단보도행
수원-1960,경기도 수원시 영통구 반달로 38,37.25052778,127.0760543,4.0,12.4,False,145.0,동일노선 확장,0.0,횡단보도행
수원-1959,경기도 수원시 영통구 매영로393번길 33,37.25070701,127.0757601,4.0,13.3,False,145.0,근접,0.0,횡단보도행
수원-1958,경기도 수원시 영통구 반달로 21,37.25163292,127.0750558,3.0,15.0,True,145.0,근접,52.2,횡단보도행
수원-1957,경기도 수원시 영통구 청명남로 21,37.25203644,127.0744672,3.0,10.5,True,130.0,근접,48.7,횡단보도행
수원-1956,경기도 수원시 영통구 반달로7번길 6,37.25231429,127.0740258,3.0,12.6,True,130.0,근접,46.9,횡단보도행
수원-1955,경기도 수원시 영통구 봉영로 1590,37.25278995,127.0734481,5.0,18.6,True,140.0,근접,46.7,횡단보도행
수원-1954,경기도 수원시 영통구 봉영로 1590,37.25278995,127.0734481,5.0,19.8,False,140.0,근접,0.0,횡단보도행
수원-1953,경기도 수원시 영통구 매원로 1,37.26703067,127.0464122,1.0,8.3,True,60.0,근접,16.7,횡단보도행
수원-1952,경기도 수원시 영통구 매영로 433,37.24886176,127.0790179,5.0,19.2,True,90.0,근접,22.6,횡단보도행
수원-1951,경기도 수원시 영통구 매영로425번길 1,37.24885778,127.0779016,5.0,15.8,True,180.0,근접,68.6,횡단보도행
수원-1950,경기도 수원시 영통구 영일로 16-12,37.24886281,127.0767853,5.0,15.7,True,120.0,근접,39.4,횡단보도행
수원-1949,경기도 수원시 영통구 영일로 16,37.24886965,127.0761763,5.0,21.7,True,180.0,근접,63.6,횡단보도행
수원-1948,경기도 수원시 영통구 영일로 9,37.2485787,127.0754789,5.0,15.6,True,180.0,근접,68.8,횡단보도행
수원-1947,경기도 수원시 영통구 덕영대로1673번길 38,37.24913464,127.0746639,5.0,15.6,True,180.0,근접,68.8,횡단보도행
수원-1946,경기도 수원시 영통구 청명남로4번길 28,37.24954035,127.0746842,5.0,16.3,True,180.0,근접,68.2,횡단보도행
수원-1945,경기도 수원시 영통구 청명남로4번길 2,37.25026633,127.0735299,4.0,16.1,True,120.0,근접,39.1,횡단보도행
수원-1944,경기도 수원시 영통구 청명남로 3,37.25072404,127.0729748,5.0,15.8,True,120.0,근접,39.4,횡단보도행
수원-1943,경기도 수원시 영통구 봉영로 1576,37.25181341,127.0726078,7.0,15.4,True,120.0,동일노선 확장,39.7,횡단보도행
수원-1942,경기도 수원시 영통구 봉영로 1569,37.25206914,127.071039,7.0,15.2,True,162.5,영통 차로수별 중앙값,60.6,횡단보도행
수원-1941,경기도 수원시 영통구 매영로 333,37.25274907,127.0696256,5.0,15.4,True,150.0,영통 차로수별 중앙값,54.3,횡단보도행
수원-1994,경기도 수원시 영통구 봉영로1744번길 16,37.26437036,127.0828563,13.0,44.8,True,180.0,동일노선 확장,45.7,횡단보도행
수원-1993,경기도 수원시 영통구 봉영로1744번길 11,37.26664255,127.0830468,13.0,44.2,True,180.0,근접,46.1,횡단보도행
수원-1992,,37.26648583,127.0817422,11.0,58.4,False,180.0,근접,0.0,횡단보도행
수원-1991,,37.26790183,127.0819678,7.0,30.3,True,180.0,동일노선 확장,56.6,횡단보도행
수원-1990,경기도 수원시 영통구 법조로149번길 8,37.29281481,127.0717668,7.0,22.0,True,160.0,근접,53.6,횡단보도행
수원-1989,경기도 수원시 영통구 법조로 145,37.29236204,127.0711939,7.0,21.2,True,160.0,근접,54.3,횡단보도행
수원-1988,경기도 수원시 영통구 법조로 129,37.29133276,127.0707259,7.0,21.5,True,160.0,근접,54.0,횡단보도행
수원-1987,경기도 수원시 영통구 법조로 129,37.29133276,127.0707259,7.0,21.7,True,160.0,근접,53.9,횡단보도행
수원-1986,경기도 수원시 영통구 광교중앙로266번길 79,37.29044056,127.0707761,7.0,22.6,True,160.0,근접,53.1,횡단보도행
수원-1985,경기도 수원시 영통구 법조로 105,37.29049301,127.0693374,7.0,22.5,True,160.0,동일노선 확장,53.2,횡단보도행
수원-1984,경기도 수원시 영통구 센트럴파크로 34,37.2897431,127.0624654,8.0,24.6,True,160.0,동일노선 확장,51.5,횡단보도행
수원-1983,경기도 수원시 영통구 센트럴파크로 33,37.28856214,127.0624271,8.0,29.3,True,160.0,근접,47.8,횡단보도행
수원-1982,경기도 수원시 영통구 센트럴파크로 33,37.28856214,127.0624271,7.0,22.1,True,160.0,근접,53.5,횡단보도행
수원-1981,,37.28682071,127.0596382,6.0,17.7,True,160.0,근접,57.2,횡단보도행
수원-1980,,37.28682071,127.0596382,6.0,19.5,True,160.0,근접,55.7,횡단보도행
수원-1979,,37.28682071,127.0596382,8.0,29.1,True,160.0,근접,48.0,횡단보도행
수원-1977,,37.23777432,127.0445785,2.0,7.1,False,120.0,영통 차로수별 중앙값,0.0,횡단보도행
수원-1976,경기도 수원시 영통구 봉영로 1606,37.25386636,127.0744907,4.0,18.8,False,150.0,영통 차로수별 중앙값,0.0,횡단보도행
수원-1975,경기도 수원시 영통구 봉영로 1606,37.25386636,127.0744907,4.0,13.2,True,150.0,영통 차로수별 중앙값,56.2,횡단보도행
수원-1974,경기도 수원시 영통구 반달로7번길 40,37.25354446,127.0752142,4.0,14.8,True,150.0,영통 차로수별 중앙값,54.8,횡단보도행
수원-1973,경기도 수원시 영통구 청명남로 39,37.25322162,127.075711,4.0,12.4,True,130.0,근접,47.0,횡단보도행
수원-1972,경기도 수원시 영통구 청명남로 44,37.25334166,127.0764783,4.0,13.0,True,130.0,근접,46.5,횡단보도행
수원-1971,경기도 수원시 영통구 반달로 100,37.25261561,127.0776213,4.0,12.9,True,150.0,영통 차로수별 중앙값,56.4,횡단보도행
수원-1970,경기도 수원시 영통구 청명로77번길 33,37.25249916,127.0778249,4.0,13.2,True,150.0,영통 차로수별 중앙값,56.2,횡단보도행
수원-1969,경기도 수원시 영통구 청명북로 1,37.2520153,127.0786395,4.0,12.8,True,150.0,영통 차로수별 중앙값,56.5,횡단보도행
수원-1968,경기도 수원시 영통구 청명북로 2,37.25180018,127.078979,4.0,13.7,False,150.0,영통 차로수별 중앙값,0.0,횡단보도행
수원-1967,경기도 수원시 영통구 청명로43번길 18,37.25132425,127.079489,4.0,12.8,False,150.0,영통 차로수별 중앙값,0.0,횡단보도행
수원-1699,경기도 수원시 권선구 서호동로 60,37.26926483,126.9948887,3.0,9.1,True,180.0,근접,74.6,횡단보도행
수원-1698,경기도 수원시 권선구 수인로 23,37.27011582,126.9957515,4.0,24.2,True,180.0,근접,61.5,횡단보도행
수원-1697,,37.26421422,126.982527,2.0,8.3,False,120.0,영통 차로수별 중앙값,0.0,횡단보도행
수원-1696,,37.26486169,126.9854277,2.0,6.9,False,120.0,영통 차로수별 중앙값,0.0,횡단보도행
수원-1695,,37.26535554,126.9874484,2.0,6.1,False,120.0,근접,0.0,횡단보도행
수원-1694,,37.26648568,126.9886206,2.0,5.5,True,120.0,근접,48.2,횡단보도행
수원-1693,,37.26756688,126.988459,2.0,10.0,True,120.0,근접,44.2,횡단보도행
수원-1692,,37.26815251,126.9880115,2.0,8.4,True,120.0,근접,45.6,횡단보도행
수원-1691,경기도 수원시 권선구 서호서로 58,37.26950884,126.9866536,2.0,8.0,False,120.0,영통 차로수별 중앙값,0.0,횡단보도행
수원-1690,,37.27027224,126.9863425,2.0,8.2,False,120.0,영통 차로수별 중앙값,0.0,횡단보도행
수원-1689,경기도 수원시 권선구 서호로 132,37.27118337,126.9861798,2.0,9.2,False,120.0,영통 차로수별 중앙값,0.0,횡단보도행
수원-1688,,37.27233022,126.9856205,2.0,8.3,True,180.0,근접,75.4,횡단보도행
수원-1687,,37.27276547,126.9857331,2.0,10.2,True,180.0,근접,73.6,횡단보도행
수원-1686,경기도 수원시 권선구 매송고색로 731,37.25201193,126.9843818,2.0,8.1,False,120.0,영통 차로수별 중앙값,0.0,횡단보도행
수원-1685,경기도 수원시 권선구 서둔로 15,37.25328055,126.9838431,2.0,6.5,True,110.0,근접,42.3,횡단보도행
수원-1684,,37.25359376,126.9843355,2.0,10.7,True,110.0,근접,38.7,횡단보도행
수원-1683,,37.25474563,126.9840411,2.0,6.7,False,120.0,영통 차로수별 중앙값,0.0,횡단보도행
수원-1682,경기도 수원시 권선구 서둔로39번길 2,37.25570499,126.9837702,2.0,6.9,False,120.0,영통 차로수별 중앙값,0.0,횡단보도행
수원-1681,,37.25660071,126.9838092,2.0,7.1,False,120.0,영통 차로수별 중앙값,0.0,횡단보도행
수원-1680,,37.26531366,126.9813156,2.0,10.2,False,120.0,영통 차로수별 중앙값,0.0,횡단보도행
수원-1679,,37.26820521,126.9801461,2.0,9.6,False,120.0,영통 차로수별 중앙값,0.0,횡단보도행
수원-1678,경기도 수원시 권선구 서둔로 202,37.26956884,126.9797505,2.0,8.8,True,140.0,근접,55.1,횡단보도행
수원-1677,경기도 수원시 권선구 서둔로 205-1,37.26986476,126.9794026,1.0,7.2,False,140.0,근접,0.0,횡단보도행
수원-1676,경기도 수원시 권선구 서둔로 219,37.27101731,126.9791202,1.0,7.6,False,120.0,영통 차로수별 중앙값,0.0,횡단보도행
수원-1675,,37.27148273,126.9791228,2.0,9.2,True,120.0,영통 차로수별 중앙값,44.9,횡단보도행
수원-1674,,37.27185671,126.9790362,2.0,8.2,True,120.0,영통 차로수별 중앙값,45.8,횡단보도행
수원-1673,경기도 수원시 권선구 서둔로 235-2,37.27258484,126.9789177,1.0,7.0,False,120.0,영통 차로수별 중앙값,0.0,횡단보도행
수원-2001,,37.27337378,126.9440162,1.0,5.0,False,120.0,영통 차로수별 중앙값,0.0,횡단보도행
수원-2002,,37.2782317,126.9979201,2.0,7.0,True,120.0,영통 차로수별 중앙값,46.8,횡단보도행
수원-2003,,37.27062374,127.0261398,1.0,7.0,False,100.0,근접,0.0,횡단보도행
수원-2066,,37.263548,126.95667,2.0,7.0,False,160.0,근접,0.0,횡단보도행
수원-2065,경기도 수원시 팔달구 팔달로52번길 43,37.275055,127.003089,6.0,19.0,True,165.0,근접,58.5,횡단보도행
수원-2064,경기도 수원시 영통구 광교중앙로 145,37.2870876096,127.0577814221,10.0,36.0,True,180.0,동일노선 확장,52.1,횡단보도행
수원-2063,,37.286512,127.006504,4.0,12.0,True,160.0,근접,62.1,횡단보도행
수원-2062,,37.266906,127.021898,5.0,16.0,True,130.0,근접,44.0,횡단보도행
수원-2061,경기도 수원시 팔달구 고등로 37,37.273476,127.001139,3.0,9.0,False,180.0,동일노선 확장,0.0,횡단보도행
수원-2060,,37.292057,126.941979,2.0,6.0,False,130.0,동일노선 확장,0.0,횡단보도행
수원-2058,경기도 수원시 영통구 센트럴타운로 22,37.28969068,127.0567254,5.0,25.0,True,180.0,근접,60.8,횡단보도행
수원-2000,,37.24440432,126.9602296,1.0,7.0,False,160.0,동일노선 확장,0.0,횡단보도행
수원-1999,경기도 수원시 영통구 청명로 107,37.25536803,127.0759821,13.0,46.7,True,162.5,영통 차로수별 중앙값,36.4,횡단보도행
수원-1509,경기도 수원시 권선구 금곡로 5-6,37.26848892,126.9386925,5.0,18.8,False,120.0,동일노선 확장,0.0,횡단보도행
수원-1508,경기도 수원시 권선구 금곡로 15-1,37.26913741,126.9385862,1.0,5.6,False,120.0,근접,0.0,횡단보도행
수원-1507,경기도 수원시 권선구 금곡로 17,37.2693083,126.938506,6.0,19.2,True,120.0,근접,36.7,횡단보도행
수원-1506,경기도 수원시 권선구 금곡로 5-42,37.26962345,126.9384359,1.0,8.0,False,120.0,근접,0.0,횡단보도행
수원-1505,,37.27034295,126.9381221,6.0,22.0,True,120.0,근접,34.5,횡단보도행
수원-1504,,37.27290222,126.9381922,6.0,20.6,True,120.0,근접,35.6,횡단보도행
수원-1503,경기도 수원시 권선구 금곡로 63,37.27323442,126.937676,4.0,16.3,True,120.0,근접,39.0,횡단보도행
수원-1502,경기도 수원시 권선구 서수원로577번길 341,37.27629658,126.9370891,5.0,15.8,True,150.0,영통 차로수별 중앙값,53.9,횡단보도행
수원-1501,경기도 수원시 권선구 금곡로 100,37.27387344,126.9412806,6.0,22.5,True,160.0,근접,53.2,횡단보도행
수원-1500,경기도 수원시 권선구 금곡로 106,37.27397594,126.9419905,7.0,24.7,True,160.0,근접,51.4,횡단보도행
수원-1499,,37.27558977,126.9440371,6.0,77.8,False,162.5,영통 차로수별 중앙값,0.0,횡단보도행
수원-1498,,37.2743322,126.9447301,9.0,27.8,True,162.5,영통 차로수별 중앙값,50.2,횡단보도행
수원-1497,경기도 수원시 권선구 금곡로 137,37.27530097,126.9463008,8.0,26.0,True,162.5,영통 차로수별 중앙값,51.6,횡단보도행
수원-1496,경기도 수원시 권선구 금곡로 205,37.27433352,126.9529402,9.0,28.8,True,160.0,동일노선 확장,48.2,횡단보도행
수원-1495,,37.27462704,126.9539823,8.0,27.9,True,160.0,근접,48.9,횡단보도행
수원-1494,경기도 수원시 권선구 금곡로 235,37.27547369,126.9558534,8.0,30.6,True,162.5,영통 차로수별 중앙값,48.0,횡단보도행
수원-1493,,37.27512747,126.956935,7.0,34.8,True,160.0,근접,43.7,횡단보도행
수원-1492,,37.279946,126.9688157,2.0,38.6,False,120.0,영통 차로수별 중앙값,0.0,횡단보도행
수원-1491,,37.28053804,126.969449,2.0,33.0,False,120.0,영통 차로수별 중앙값,0.0,횡단보도행
수원-1490,,37.28121228,126.9723466,8.0,24.4,True,170.0,근접,56.5,횡단보도행
수원-1489,경기도 수원시 권선구 구운중로4번길 2,37.27535582,126.9736423,2.0,8.9,True,120.0,영통 차로수별 중앙값,45.2,횡단보도행
수원-1488,,37.27701709,126.9782341,2.0,13.0,True,170.0,근접,66.2,횡단보도행
수원-1487,경기도 수원시 권선구 구운로 8,37.27714774,126.9772958,2.0,5.6,False,170.0,근접,0.0,횡단보도행
수원-1486,경기도 수원시 권선구 구운로14번길 2,37.27703664,126.976631,2.0,5.0,False,120.0,영통 차로수별 중앙값,0.0,횡단보도행
수원-1485,경기도 수원시 권선구 구운로 46-1,37.27795099,126.973455,2.0,6.4,False,120.0,영통 차로수별 중앙값,0.0,횡단보도행
수원-1484,경기도 수원시 권선구 구운로64번길 2,37.27914779,126.9729954,2.0,6.7,False,120.0,영통 차로수별 중앙값,0.0,횡단보도행
수원-1483,경기도 수원시 권선구 구운로 64,37.27937313,126.9730016,2.0,7.0,False,120.0,영통 차로수별 중앙값,0.0,횡단보도행
수원-1536,,37.27060938,126.9593092,5.0,16.5,True,160.0,근접,58.2,횡단보도행
수원-1535,경기도 수원시 권선구 서수원로523번길 25,37.27170033,126.9585763,2.0,7.5,False,120.0,근접,0.0,횡단보도행
수원-1534,경기도 수원시 권선구 금호로 73-22,37.27132233,126.958703,2.0,6.8,False,120.0,근접,0.0,횡단보도행
수원-1533,경기도 수원시 권선구 금호로 77-16,37.27161978,126.9587009,2.0,6.9,False,120.0,근접,0.0,횡단보도행
수원-1532,경기도 수원시 권선구 금호로 77-8,37.27141432,126.9591084,2.0,6.8,False,160.0,동일노선 확장,0.0,횡단보도행
수원-1531,경기도 수원시 권선구 금호로 77,37.27106315,126.9591899,2.0,5.5,False,160.0,근접,0.0,횡단보도행
수원-1530,경기도 수원시 권선구 금호로 77-2,37.27127139,126.9593914,2.0,9.7,False,160.0,동일노선 확장,0.0,횡단보도행
수원-1529,경기도 수원시 권선구 금호로 83-19,37.27183605,126.9586881,2.0,7.4,False,160.0,동일노선 확장,0.0,횡단보도행
수원-1528,경기도 수원시 권선구 금호로 83-5,37.27146948,126.9593449,2.0,5.6,False,160.0,동일노선 확장,0.0,횡단보도행
수원-1527,경기도 수원시 권선구 금호로 83-1,37.27138898,126.9594808,2.0,10.3,False,160.0,동일노선 확장,0.0,횡단보도행
수원-1526,,37.27195716,126.9603654,6.0,14.8,True,160.0,근접,59.7,횡단보도행
수원-1525,,37.27195716,126.9603654,7.0,16.8,True,160.0,근접,58.0,횡단보도행
수원-1524,경기도 수원시 권선구 금호로 113,37.27333145,126.9624447,4.0,17.3,True,150.0,영통 차로수별 중앙값,52.7,횡단보도행
수원-1523,,37.2741431,126.9692303,6.0,13.2,True,180.0,동일노선 확장,70.9,횡단보도행
수원-1522,,37.2741431,126.9692303,6.0,14.0,True,180.0,동일노선 확장,70.2,횡단보도행
수원-1521,경기도 수원시 권선구 금호로 199,37.27495974,126.9717388,5.0,15.5,True,160.0,근접,59.1,횡단보도행
수원-1520,,37.27502545,126.9719207,1.0,4.4,False,160.0,근접,0.0,횡단보도행
수원-1519,경기도 수원시 권선구 금호로 214,37.27480493,126.9734092,5.0,17.2,True,160.0,동일노선 확장,57.6,횡단보도행
수원-1518,경기도 수원시 권선구 탑동로 68,37.27495115,126.9738594,5.0,17.4,True,160.0,동일노선 확장,57.5,횡단보도행
수원-1517,경기도 수원시 권선구 금호로 230,37.27524605,126.9753124,1.0,9.8,False,120.0,영통 차로수별 중앙값,0.0,횡단보도행
수원-1516,경기도 수원시 권선구 금호로 232,37.27526478,126.9754702,4.0,14.4,True,170.0,동일노선 확장,64.9,횡단보도행
수원-1515,경기도 수원시 권선구 금호로 244,37.27557708,126.9767877,5.0,15.3,True,170.0,근접,64.2,횡단보도행
수원-1514,,37.27581846,126.9774226,6.0,17.9,True,170.0,근접,61.9,횡단보도행
수원-1513,,37.2760608,126.9786328,5.0,22.4,True,170.0,근접,58.1,횡단보도행
수원-1512,,37.27597065,126.9789292,7.0,23.1,True,170.0,근접,57.6,횡단보도행
수원-1511,,37.2760803,126.9794294,7.0,32.1,True,180.0,근접,55.1,횡단보도행
수원-1510,경기도 수원시 권선구 금곡로 5-6,37.26848892,126.9386925,1.0,7.3,False,120.0,동일노선 확장,0.0,횡단보도행
수원-1562,경기도 수원시 권선구 금호로 24,37.26864374,126.9544589,2.0,7.0,False,120.0,영통 차로수별 중앙값,0.0,횡단보도행
수원-1561,경기도 수원시 권선구 노림로 10-3,37.26693199,126.9546517,1.0,8.3,False,120.0,영통 차로수별 중앙값,0.0,횡단보도행
수원-1560,경기도 수원시 권선구 노림로15번길 5-9,37.26691251,126.954336,1.0,6.7,False,160.0,근접,0.0,횡단보도행
수원-1559,경기도 수원시 권선구 노림로 25-2,37.26839038,126.9542464,2.0,6.0,False,120.0,영통 차로수별 중앙값,0.0,횡단보도행
수원-1558,경기도 수원시 권선구 노림로 26-1,37.26839147,126.9544833,2.0,11.0,False,120.0,영통 차로수별 중앙값,0.0,횡단보도행
수원-1557,경기도 수원시 권선구 노림로 26,37.26820218,126.9544846,2.0,6.6,False,120.0,영통 차로수별 중앙값,0.0,횡단보도행
수원-1556,경기도 수원시 권선구 노림로 20,37.26767059,126.9545336,2.0,5.1,True,160.0,근접,68.4,횡단보도행
수원-1555,경기도 수원시 권선구 노림로 15,37.26736293,126.9542764,2.0,5.8,True,160.0,근접,67.7,횡단보도행
수원-1554,경기도 수원시 권선구 노림로 15,37.26736293,126.9542764,2.0,5.8,False,160.0,근접,0.0,횡단보도행
수원-1553,경기도 수원시 권선구 노림로15번길 3,37.26715546,126.9542441,2.0,6.4,False,160.0,근접,0.0,횡단보도행
수원-1552,,37.26610411,126.9544275,2.0,9.7,True,160.0,근접,64.2,횡단보도행
수원-1551,경기도 수원시 권선구 금호로 2,37.26856012,126.9519669,2.0,10.2,True,120.0,근접,44.0,횡단보도행
수원-1550,경기도 수원시 권선구 매곡로 32-10,37.26876989,126.9524955,2.0,10.9,False,120.0,영통 차로수별 중앙값,0.0,횡단보도행
수원-1549,경기도 수원시 권선구 금호로 7,37.2687801,126.9527548,2.0,7.7,False,120.0,영통 차로수별 중앙값,0.0,횡단보도행
수원-1548,,37.26880449,126.9529038,1.0,8.7,False,120.0,영통 차로수별 중앙값,0.0,횡단보도행
수원-1547,경기도 수원시 권선구 금호로 14-3,37.26860301,126.9534441,1.0,8.5,False,120.0,영통 차로수별 중앙값,0.0,횡단보도행
수원-1546,,37.26871212,126.9534136,2.0,7.5,False,120.0,영통 차로수별 중앙값,0.0,횡단보도행
수원-1545,경기도 수원시 권선구 금호로 22,37.2686066,126.9542223,2.0,7.4,False,120.0,영통 차로수별 중앙값,0.0,횡단보도행
수원-1544,경기도 수원시 권선구 금호로 24,37.26864374,126.9544589,2.0,8.6,False,90.0,동일노선 확장,0.0,횡단보도행
수원-1543,경기도 수원시 권선구 금호로 36,37.26868675,126.9559699,2.0,8.9,True,90.0,근접,30.5,횡단보도행
수원-1542,경기도 수원시 권선구 금호로 42,37.26885123,126.9564537,2.0,8.9,True,90.0,근접,30.5,횡단보도행
수원-1541,경기도 수원시 권선구 매실로53번길 10-17,37.2685818,126.9566699,1.0,4.7,False,90.0,근접,0.0,횡단보도행
수원-1540,경기도 수원시 권선구 매실로 61,37.26876281,126.9578151,2.0,7.1,True,160.0,근접,66.5,횡단보도행
수원-1539,경기도 수원시 권선구 금호로53번길 2,37.26982101,126.9576085,2.0,10.3,True,90.0,근접,29.4,횡단보도행
수원-1538,,37.27081513,126.9580286,1.0,12.2,False,120.0,근접,0.0,횡단보도행
수원-1537,경기도 수원시 권선구 금호로 69,37.27048386,126.9586639,2.0,7.9,True,160.0,근접,65.8,횡단보도행
수원-1589,경기도 수원시 권선구 매곡로 88,37.27163337,126.9557682,5.0,15.7,True,120.0,근접,39.4,횡단보도행
수원-1588,,37.27153159,126.9551353,5.0,17.1,True,120.0,근접,38.3,횡단보도행
수원-1587,,37.27153159,126.9551353,5.0,16.0,True,120.0,근접,39.2,횡단보도행
수원-1586,,37.27081273,126.9548191,4.0,12.9,True,120.0,근접,41.8,횡단보도행
수원-1585,,37.27035075,126.9537032,5.0,15.7,True,120.0,근접,39.4,횡단보도행
수원-1584,,37.27035075,126.9537032,5.0,16.4,True,120.0,근접,38.9,횡단보도행
수원-1583,경기도 수원시 권선구 금호로15번길 15,37.27006264,126.9529947,5.0,16.2,True,120.0,동일노선 확장,39.0,횡단보도행
수원-1582,경기도 수원시 권선구 금호로 2,37.26856012,126.9519669,5.0,17.9,True,120.0,근접,37.7,횡단보도행
수원-1581,,37.26762519,126.9512443,6.0,17.5,True,120.0,동일노선 확장,38.0,횡단보도행
수원-1580,,37.26713051,126.9506163,5.0,15.9,True,120.0,근접,39.3,횡단보도행
수원-1579,,37.26681078,126.9506165,1.0,14.1,False,120.0,근접,0.0,횡단보도행
수원-1578,,37.26646507,126.9497938,6.0,16.0,True,160.0,근접,58.7,횡단보도행
수원-1577,,37.28941611,126.9403161,4.0,12.0,False,65.0,근접,0.0,횡단보도행
수원-1576,,37.28986971,126.9404038,4.0,12.3,False,65.0,근접,0.0,횡단보도행
수원-1575,경기도 수원시 권선구 당진로 13,37.29030982,126.940234,4.0,12.4,True,130.0,근접,47.0,횡단보도행
수원-1574,경기도 수원시 권선구 당진로 18,37.29065442,126.9406714,4.0,13.2,True,130.0,근접,46.4,횡단보도행
수원-1573,경기도 수원시 권선구 당진로 19,37.2910044,126.9403417,2.0,8.6,False,130.0,근접,0.0,횡단보도행
수원-1572,경기도 수원시 권선구 당진로 29-2,37.29179775,126.9403696,4.0,11.7,True,130.0,근접,47.6,횡단보도행
수원-1571,,37.29205519,126.9408053,4.0,14.5,True,130.0,근접,45.3,횡단보도행
수원-1570,,37.2942266,126.9413159,4.0,13.5,True,150.0,영통 차로수별 중앙값,55.9,횡단보도행
수원-1569,,37.27702339,126.942013,4.0,12.3,True,140.0,근접,52.0,횡단보도행
수원-1568,,37.27893156,126.9409561,2.0,23.4,False,120.0,영통 차로수별 중앙값,0.0,횡단보도행
수원-1567,,37.28034629,126.9411805,1.0,15.8,False,180.0,동일노선 확장,0.0,횡단보도행
수원-1566,,37.28109411,126.9411235,2.0,16.1,False,120.0,영통 차로수별 중앙값,0.0,횡단보도행
수원-1565,,37.28363213,126.9406479,3.0,7.4,False,180.0,동일노선 확장,0.0,횡단보도행
수원-1564,,37.28450871,126.9405682,3.0,8.2,False,120.0,영통 차로수별 중앙값,0.0,횡단보도행
수원-1563,경기도 수원시 권선구 당수로 179,37.2900312,126.9442298,2.0,7.9,False,140.0,근접,0.0,횡단보도행
수원-2048,경기도 수원시 장안구 정조로 1102,37.30317008,127.0019045,4.0,13.1,True,90.0,근접,27.1,횡단보도행
수원-2047,경기도 수원시 장안구 송정로 195,37.29940103,127.017467,2.0,6.0,True,90.0,근접,32.9,횡단보도행
수원-2046,,37.27327029,126.9519564,9.0,28.1,True,60.0,동일노선 확장,5.2,횡단보도행
수원-2045,경기도 수원시 팔달구 동말로 96-3,37.27864356,127.0047793,2.0,10.0,True,90.0,근접,29.6,횡단보도행
수원-2044,경기도 수원시 영통구 봉영로 1526,37.24851981,127.0696446,11.0,40.5,True,180.0,근접,48.8,횡단보도행
수원-2043,,37.24518845,127.0527165,12.0,36.9,True,180.0,동일노선 확장,51.5,횡단보도행
수원-2042,경기도 수원시 권선구 금곡로 140번길 30,37.27255378,126.9445494,3.0,12.2,True,120.0,영통 차로수별 중앙값,42.3,횡단보도행
수원-2041,경기도 수원시 팔달구 매산로 103,37.27093301,127.0120988,5.0,13.6,True,150.0,근접,55.8,횡단보도행
수원-2040,,37.24267962,126.9854911,5.0,16.3,True,120.0,동일노선 확장,39.0,횡단보도행
수원-2039,경기도 수원시 권선구 경수대로 189,37.24414582,127.0171499,1.0,8.9,True,180.0,동일노선 확장,74.8,횡단보도행
수원-2038,경기도 수원시 권선구 세권로316번길 49,37.24936098,127.0374412,4.0,12.9,False,150.0,영통 차로수별 중앙값,0.0,횡단보도행
수원-2037,경기도 수원시 장안구 수성로382번길 30,37.29278911,127.0142629,2.0,6.3,False,120.0,영통 차로수별 중앙값,0.0,횡단보도행
수원-2036,경기도 수원시 영통구 태장로35번길 64,37.24205597,127.0500465,1.0,7.0,True,150.0,근접,61.7,횡단보도행
수원-2035,경기도 수원시 영통구 영통로200번길 75,37.24428122,127.0609566,3.0,9.6,True,120.0,근접,44.5,횡단보도행
수원-2034,경기도 수원시 권선구 당진로 13,37.29031,126.9402367,4.0,30.0,True,130.0,근접,33.3,횡단보도행
수원-2033,경기도 수원시 권선구 매송고색로831번길 5,37.25537996,126.9940972,2.0,10.6,True,180.0,동일노선 확장,73.3,횡단보도행
수원-2032,경기도 수원시 권선구 세화로141번길 21-11,37.26391379,126.993251,5.0,21.6,True,90.0,근접,20.9,횡단보도행
수원-2031,경기도 수원시 권선구 세권로 196,37.25518617,127.0254786,4.0,18.2,True,115.0,근접,35.1,횡단보도행
수원-1598,,37.26736606,126.9511235,4.0,9.8,True,120.0,근접,44.4,횡단보도행
수원-1597,경기도 수원시 권선구 금호로 73-1,37.27078285,126.9590002,4.0,13.2,True,160.0,근접,61.1,횡단보도행
수원-1596,,37.26681078,126.9506165,1.0,13.6,False,120.0,근접,0.0,횡단보도행
수원-1595,,37.27110038,126.9581787,5.0,12.5,True,120.0,근접,42.1,횡단보도행
수원-1594,경기도 수원시 권선구 서수원로523번길 30-21,37.27129785,126.9573021,4.0,11.5,True,120.0,근접,42.9,횡단보도행
수원-1593,경기도 수원시 권선구 서수원로523번길 30-27,37.27151216,126.9568519,5.0,15.0,True,120.0,근접,40.0,횡단보도행
수원-1592,,37.27106248,126.9556194,2.0,5.4,False,120.0,근접,0.0,횡단보도행
수원-1591,,37.2712619,126.9565847,2.0,7.3,False,120.0,근접,0.0,횡단보도행
수원-1590,,37.27146761,126.9563408,4.0,12.3,True,120.0,근접,42.3,횡단보도행
수원-2004,,37.28103436,127.0026435,1.0,7.0,False,120.0,영통 차로수별 중앙값,0.0,횡단보도행
수원-2005,,37.31342252,127.0208393,2.0,11.3,True,60.0,근접,14.5,횡단보도행
수원-2018,,37.2665038,126.9810226,1.0,13.1,False,120.0,영통 차로수별 중앙값,0.0,횡단보도행
수원-2017,,37.26544251,126.9610787,3.0,9.6,True,100.0,근접,34.8,횡단보도행
수원-2016,경기도 수원시 권선구 당진로32번길 65,37.2914763,126.9440948,2.0,12.0,True,140.0,근접,52.3,횡단보도행
수원-2015,,37.2433195,127.0212002,4.0,15.8,True,120.0,근접,39.4,횡단보도행
수원-2014,,37.23528939,127.0267622,4.0,13.7,True,60.0,동일노선 확장,12.9,횡단보도행
수원-2013,,37.25119818,127.0276255,4.0,14.8,True,180.0,근접,69.5,횡단보도행
수원-2012,경기도 수원시 권선구 세권로 193-1,37.25545469,127.025429,4.0,13.0,True,115.0,근접,39.2,횡단보도행
수원-2011,경기도 수원시 장안구 만석로159번길 32,37.30307185,126.9973127,3.0,10.3,True,80.0,근접,24.6,횡단보도행
수원-2010,경기도 수원시 팔달구 수원천로 372,37.28669054,127.0180813,2.0,5.8,False,150.0,근접,0.0,횡단보도행
수원-2009,경기도 수원시 장안구 정자천로189번길 12,37.29719913,126.9959931,1.0,35.2,False,120.0,영통 차로수별 중앙값,0.0,횡단보도행
수원-2008,,37.28906823,127.0422078,1.0,8.0,True,120.0,영통 차로수별 중앙값,45.9,횡단보도행
수원-2007,,37.2782317,126.9979201,2.0,13.0,True,120.0,영통 차로수별 중앙값,41.7,횡단보도행
수원-2006,경기도 수원시 팔달구 중부대로143번길 81,37.28184678,127.0329227,6.0,24.0,True,120.0,근접,33.0,횡단보도행
수원-2019,,37.2929798,126.9380234,2.0,12.5,False,120.0,영통 차로수별 중앙값,0.0,횡단보도행
수원-2020,,37.29763317,127.0487091,1.0,12.4,False,120.0,영통 차로수별 중앙값,0.0,횡단보도행
수원-1998,,37.25601831,127.0766135,13.0,47.2,True,162.5,영통 차로수별 중앙값,36.1,횡단보도행
수원-1997,,37.25509229,127.0776112,11.0,51.8,False,130.0,근접,0.0,횡단보도행
수원-1996,,37.25886309,127.079878,13.0,47.9,True,130.0,근접,21.7,횡단보도행
수원-1995,,37.25994536,127.0798301,13.0,48.7,True,180.0,동일노선 확장,42.9,횡단보도행
수원-2030,경기도 수원시 팔달구 세지로 339,37.28138812,127.024512,2.0,10.5,False,80.0,동일노선 확장,0.0,횡단보도행
수원-2029,경기도 수원시 장안구 송정로 62,37.29585956,127.0038885,2.0,13.0,False,150.0,근접,0.0,횡단보도행
수원-2028,경기도 수원시 팔달구 고화로13번길 2,37.2707721,127.0075672,2.0,9.0,False,120.0,영통 차로수별 중앙값,0.0,횡단보도행
수원-2027,,37.28748866,127.0243704,2.0,10.3,True,180.0,동일노선 확장,73.5,횡단보도행
수원-2026,경기도 수원시 영통구 신원로 88,37.24746683,127.0502759,2.0,14.0,False,120.0,영통 차로수별 중앙값,0.0,횡단보도행
수원-2025,,37.2748416,127.0456609,3.0,19.5,False,120.0,영통 차로수별 중앙값,0.0,횡단보도행
수원-2024,경기도 수원시 권선구 새터로 40,37.25253558,127.0052889,2.0,11.5,False,120.0,영통 차로수별 중앙값,0.0,횡단보도행
수원-2023,경기도 수원시 영통구 광교중앙로266번길 20,37.29282817,127.0686513,2.0,11.4,True,160.0,근접,62.7,횡단보도행
수원-2022,경기도 수원시 영통구 중부대로448번길 97,37.26650542,127.0594288,5.0,14.6,True,180.0,근접,69.7,횡단보도행
수원-2021,,37.27648862,126.9553533,2.0,11.6,False,160.0,근접,0.0,횡단보도행
수원-1672,,37.27270567,126.9790022,2.0,8.0,False,120.0,영통 차로수별 중앙값,0.0,횡단보도행
수원-1671,경기도 수원시 권선구 서둔로 247-3,37.27344891,126.9786297,1.0,7.0,False,120.0,영통 차로수별 중앙값,0.0,횡단보도행
수원-1670,경기도 수원시 권선구 서둔로 255-2,37.27445834,126.9785947,1.0,6.1,False,90.0,근접,0.0,횡단보도행
수원-1669,,37.27481994,126.9788098,3.0,10.5,True,90.0,근접,29.2,횡단보도행
수원-1668,,37.27512514,126.9799032,2.0,6.5,False,90.0,동일노선 확장,0.0,횡단보도행
수원-1667,경기도 수원시 권선구 서둔로 273,37.27586491,126.978692,3.0,9.4,True,170.0,근접,69.4,횡단보도행
수원-1666,경기도 수원시 권선구 권선로 391,37.26163811,126.994669,1.0,7.7,False,180.0,근접,0.0,횡단보도행
수원-1665,경기도 수원시 권선구 서둔로 224,37.2715141,126.9793537,1.0,9.3,False,120.0,영통 차로수별 중앙값,0.0,횡단보도행
수원-1664,경기도 수원시 권선구 서둔로 223,37.27145853,126.9790157,1.0,8.7,False,120.0,영통 차로수별 중앙값,0.0,횡단보도행
수원-1663,경기도 수원시 권선구 상탑로 34,37.27100794,126.9749583,2.0,9.1,True,100.0,근접,35.2,횡단보도행
수원-1662,경기도 수원시 권선구 탑동로 25,37.27121325,126.9745057,2.0,8.6,True,100.0,근접,35.6,횡단보도행
수원-1661,경기도 수원시 권선구 상탑로21번길 2,37.27103824,126.973661,2.0,9.6,False,120.0,영통 차로수별 중앙값,0.0,횡단보도행
수원-1660,경기도 수원시 권선구 상탑로 19,37.27099181,126.9733568,2.0,10.3,False,120.0,영통 차로수별 중앙값,0.0,횡단보도행
수원-1659,경기도 수원시 권선구 상탑로 11,37.27081704,126.9725685,2.0,9.8,False,120.0,영통 차로수별 중앙값,0.0,횡단보도행
수원-1658,경기도 수원시 권선구 상탑로 9-1,37.27075254,126.9722532,2.0,11.2,False,120.0,영통 차로수별 중앙값,0.0,횡단보도행
수원-1657,경기도 수원시 권선구 상탑로 2,37.27033474,126.9715455,4.0,15.6,False,150.0,영통 차로수별 중앙값,0.0,횡단보도행
수원-1656,,37.23882383,126.9618941,6.0,17.2,True,162.5,영통 차로수별 중앙값,58.9,횡단보도행
수원-2057,경기도 수원시 팔달구 세지로 373-4,37.28381502,127.0267898,2.0,10.0,True,78.0,근접,23.9,횡단보도행
수원-2056,경기도 수원시 장안구 창훈로60번길 53,37.29958559,127.0295818,5.0,19.2,True,90.0,근접,22.6,횡단보도행
수원-2055,경기도 수원시 영통구 인계로 220번길 16,37.26431752,127.0411462,4.0,14.0,False,150.0,영통 차로수별 중앙값,0.0,횡단보도행
수원-2054,경기도 수원시 영통구 효원로 363,37.26153322,127.0395242,4.0,15.1,False,150.0,영통 차로수별 중앙값,0.0,횡단보도행
수원-2053,경기도 수원시 장안구 장안로 134,37.2956786,126.9996179,4.0,14.4,True,150.0,영통 차로수별 중앙값,55.1,횡단보도행
수원-2052,경기도 수원시 장안구 수성로245번길 86,37.29246205,126.9975122,2.0,8.7,False,120.0,영통 차로수별 중앙값,0.0,횡단보도행
수원-2051,경기도 수원시 장안구 송정로182번길 12,37.29815198,127.0164599,1.0,5.5,True,90.0,근접,33.4,횡단보도행
수원-2050,,37.2399246,127.0429641,5.0,30.0,True,180.0,근접,56.8,횡단보도행
수원-2049,경기도 수원시 장안구 정자로19번길 13,37.30095712,126.9781743,5.0,24.0,True,112.5,근접,29.5,횡단보도행
수원-1383,경기도 수원시 권선구 동탄원천로813번길 16,37.24853085,127.0388384,4.0,31.0,True,90.0,근접,15.0,횡단보도행
수원-1382,경기도 수원시 권선구 동탄원천로 818,37.248009,127.0400993,6.0,21.9,True,104.0,근접,27.1,횡단보도행
수원-1381,경기도 수원시 권선구 덕영대로 1357,37.24558411,127.038806,8.0,31.8,False,162.5,영통 차로수별 중앙값,0.0,횡단보도행
수원-1380,,37.24507567,127.0377098,7.0,60.4,False,105.0,근접,0.0,횡단보도행
수원-1379,경기도 수원시 팔달구 갓매산로 47,37.26861289,127.0048634,1.0,8.6,False,120.0,영통 차로수별 중앙값,0.0,횡단보도행
수원-1378,경기도 수원시 팔달구 향교로 37,37.26908213,127.0049844,1.0,5.6,False,120.0,영통 차로수별 중앙값,0.0,횡단보도행
수원-1377,경기도 수원시 팔달구 고화로 5,37.27011337,127.0080229,2.0,6.0,True,120.0,영통 차로수별 중앙값,47.7,횡단보도행
수원-1376,경기도 수원시 팔달구 고화로 6,37.27023171,127.0082996,2.0,7.2,True,120.0,영통 차로수별 중앙값,46.6,횡단보도행
수원-1375,경기도 수원시 팔달구 효원로 36,37.27041391,127.0087654,2.0,7.3,True,75.0,근접,24.6,횡단보도행
수원-1374,경기도 수원시 팔달구 효원로 33,37.27055075,127.0091593,2.0,6.5,False,75.0,근접,0.0,횡단보도행
수원-1373,경기도 수원시 팔달구 팔달산로 5,37.27135533,127.0119061,2.0,4.7,False,100.0,근접,0.0,횡단보도행
수원-1372,,37.27160817,127.0119271,2.0,4.7,False,100.0,근접,0.0,횡단보도행
수원-1371,,37.28120879,127.0150342,2.0,8.8,False,120.0,영통 차로수별 중앙값,0.0,횡단보도행
수원-1370,경기도 수원시 팔달구 행궁로 11,37.28095943,127.0152216,3.0,11.4,False,120.0,영통 차로수별 중앙값,0.0,횡단보도행
수원-1369,,37.28112748,127.0163117,2.0,9.1,False,150.0,근접,0.0,횡단보도행
수원-1368,,37.27282662,127.0115676,2.0,7.1,False,120.0,영통 차로수별 중앙값,0.0,횡단보도행
수원-1367,,37.27158061,127.0118114,2.0,7.1,False,100.0,근접,0.0,횡단보도행
수원-1366,,37.27371006,127.0099175,3.0,21.7,False,120.0,영통 차로수별 중앙값,0.0,횡단보도행
수원-1365,경기도 수원시 팔달구 팔달산로 28,37.27359737,127.0113164,2.0,6.6,False,120.0,영통 차로수별 중앙값,0.0,횡단보도행
수원-1364,,37.27421414,127.0103685,2.0,7.0,False,120.0,영통 차로수별 중앙값,0.0,횡단보도행
수원-1363,,37.27646075,127.0094928,3.0,15.8,True,90.0,근접,25.1,횡단보도행
수원-1362,경기도 수원시 팔달구 팔달문로 25,37.27775289,127.0201557,1.0,6.1,False,120.0,영통 차로수별 중앙값,0.0,횡단보도행
수원-1408,경기도 수원시 영통구 효원로 374,37.25881232,127.0423453,6.0,18.8,True,123.0,근접,38.4,횡단보도행
수원-1407,경기도 수원시 영통구 매탄로79번길 6-2,37.25828857,127.0421004,5.0,15.0,True,123.0,근접,41.5,횡단보도행
수원-1406,경기도 수원시 영통구 매탄로 73,37.25752074,127.0416765,5.0,15.5,True,180.0,근접,68.9,횡단보도행
수원-1405,경기도 수원시 영통구 매탄로 69,37.25731303,127.0415763,5.0,18.9,True,180.0,근접,66.0,횡단보도행
수원-1404,경기도 수원시 영통구 매탄로 55-2,37.25637276,127.040849,4.0,15.1,False,180.0,동일노선 확장,0.0,횡단보도행
수원-1403,경기도 수원시 영통구 매탄로 55-1,37.25623707,127.0407258,1.0,5.3,False,180.0,동일노선 확장,0.0,횡단보도행
수원-1402,경기도 수원시 영통구 매탄로 43,37.25525226,127.0401341,5.0,18.8,False,180.0,근접,0.0,횡단보도행
수원-1401,경기도 수원시 영통구 권선로 815-1,37.25485355,127.0396002,7.0,17.5,True,180.0,근접,67.2,횡단보도행
수원-1400,경기도 수원시 영통구 권선로 820,37.25447348,127.0392142,7.0,18.1,True,180.0,근접,66.7,횡단보도행
수원-1399,,37.25269743,127.0378198,4.0,13.3,True,150.0,근접,56.1,횡단보도행
수원-1398,,37.25269743,127.0378198,4.0,12.8,True,150.0,근접,56.5,횡단보도행
수원-1397,,37.27004065,127.0604082,6.0,25.9,True,180.0,근접,60.1,횡단보도행
수원-1396,,37.26846496,127.0580573,7.0,23.7,True,180.0,근접,61.9,횡단보도행
수원-1395,경기도 수원시 영통구 동탄원천로1109번길 61,37.26963242,127.0550475,7.0,21.8,True,165.0,근접,56.2,횡단보도행
수원-1394,,37.26679348,127.0550494,8.0,21.5,True,180.0,근접,63.8,횡단보도행
수원-1393,,37.26580804,127.0524754,8.0,25.6,True,180.0,동일노선 확장,60.4,횡단보도행
수원-1392,경기도 수원시 영통구 동탄원천로 1035,37.26502826,127.0498262,7.0,21.1,True,180.0,동일노선 확장,64.1,횡단보도행
수원-1391,,37.263522,127.0499143,7.0,24.6,True,162.5,영통 차로수별 중앙값,52.7,횡단보도행
수원-1390,,37.26179251,127.0489983,9.0,31.7,True,162.5,영통 차로수별 중앙값,47.2,횡단보도행
수원-1389,경기도 수원시 영통구 효원로 407,37.25959894,127.0465469,7.0,23.1,True,180.0,동일노선 확장,62.4,횡단보도행
수원-1388,경기도 수원시 영통구 동탄원천로915번길 36,37.25697937,127.0438285,6.0,25.1,True,162.5,영통 차로수별 중앙값,52.3,횡단보도행
수원-1387,경기도 수원시 영통구 동탄원천로915번길 33,37.2560424,127.0439972,8.0,30.5,True,162.5,영통 차로수별 중앙값,48.1,횡단보도행
수원-1386,,37.25202539,127.0425791,9.0,32.1,True,180.0,동일노선 확장,55.1,횡단보도행
수원-1385,경기도 수원시 권선구 세권로 331,37.2517435,127.0402461,8.0,32.2,True,162.5,영통 차로수별 중앙값,46.8,횡단보도행
수원-1384,경기도 수원시 권선구 세권로 334,37.25055638,127.0402423,8.0,40.4,False,75.0,근접,0.0,횡단보도행
수원-1432,경기도 수원시 권선구 서수원로523번길 30-27,37.27151216,126.9568519,2.0,9.6,True,120.0,근접,44.5,횡단보도행
수원-1431,경기도 수원시 권선구 서수원로 533-33,37.2720195,126.9574122,2.0,7.2,False,120.0,근접,0.0,횡단보도행
수원-1430,,37.27225921,126.9575354,2.0,5.8,False,120.0,영통 차로수별 중앙값,0.0,횡단보도행
수원-1429,경기도 수원시 권선구 서수원로523번길 20-17,37.27238124,126.9576691,2.0,6.8,False,120.0,영통 차로수별 중앙값,0.0,횡단보도행
수원-1428,경기도 수원시 권선구 서수원로523번길 12-20,37.27258057,126.9578932,2.0,7.1,False,160.0,동일노선 확장,0.0,횡단보도행
수원-1427,경기도 수원시 권선구 서수원로523번길 8-17,37.27287916,126.9581392,2.0,5.8,False,160.0,동일노선 확장,0.0,횡단보도행
수원-1426,경기도 수원시 권선구 서수원로 531,37.27306973,126.9584198,3.0,14.1,True,160.0,근접,60.3,횡단보도행
수원-1425,,37.27334412,126.9586734,8.0,29.7,True,160.0,근접,47.5,횡단보도행
수원-1424,,37.27470392,126.9566995,8.0,28.2,True,160.0,근접,48.7,횡단보도행
수원-1423,,37.2756228,126.9562592,7.0,30.6,True,160.0,동일노선 확장,46.8,횡단보도행
수원-1422,,37.27634347,126.9558754,5.0,19.5,True,160.0,근접,55.7,횡단보도행
수원-1421,,37.27756663,126.9554576,5.0,18.1,False,160.0,동일노선 확장,0.0,횡단보도행
수원-1420,,37.27921971,126.9546221,5.0,17.5,True,90.0,근접,23.8,횡단보도행
수원-1419,경기도 수원시 영통구 매탄로 210-1,37.26894491,127.0472692,4.0,12.6,True,60.0,동일노선 확장,13.6,횡단보도행
수원-1418,경기도 수원시 영통구 매탄로196번길 1,37.26778011,127.0467461,2.0,13.2,True,60.0,근접,13.2,횡단보도행
수원-1417,경기도 수원시 영통구 매원로 2,37.26682301,127.0463233,3.0,14.4,True,60.0,근접,12.4,횡단보도행
수원-1416,경기도 수원시 영통구 매탄로178번길 1,37.26620017,127.0460225,4.0,13.1,True,60.0,근접,13.3,횡단보도행
수원-1415,경기도 수원시 영통구 매탄로 158,37.26437596,127.0452101,4.0,17.6,True,165.0,근접,59.7,횡단보도행
수원-1414,경기도 수원시 영통구 인계로 254,37.26380584,127.0446271,4.0,20.2,True,43.0,동일노선 확장,3.4,횡단보도행
수원-1413,경기도 수원시 영통구 매탄로126번길 11,37.26262774,127.044736,4.0,14.7,True,43.0,근접,5.3,횡단보도행
수원-1412,경기도 수원시 영통구 매탄로126번길 11,37.26262774,127.044736,7.0,21.7,True,43.0,근접,3.4,횡단보도행
수원-1411,경기도 수원시 영통구 매탄로126번길 22,37.2614282,127.0451602,7.0,21.1,True,90.0,근접,21.3,횡단보도행
수원-1410,경기도 수원시 영통구 매탄로126번길 22,37.2614282,127.0451602,5.0,15.5,True,90.0,근접,25.3,횡단보도행
수원-1409,경기도 수원시 영통구 효원로 381,37.25932976,127.0433105,7.0,22.5,True,160.0,동일노선 확장,53.2,횡단보도행
수원-1457,,37.23851448,126.9718096,5.0,15.0,True,120.0,근접,40.0,횡단보도행
수원-1456,,37.24004943,126.9699853,7.0,15.6,True,120.0,근접,39.5,횡단보도행
수원-1455,경기도 수원시 권선구 오목천로57번길 10-21,37.2406083,126.9698703,5.0,23.9,True,120.0,근접,33.1,횡단보도행
수원-1454,경기도 수원시 권선구 서수원로 162,37.24179927,126.9701212,5.0,16.6,True,120.0,근접,38.7,횡단보도행
수원-1453,,37.24143231,126.969188,2.0,7.7,False,120.0,근접,0.0,횡단보도행
수원-1452,,37.24143231,126.969188,2.0,6.1,False,120.0,근접,0.0,횡단보도행
수원-1451,,37.24143231,126.969188,2.0,7.0,False,120.0,근접,0.0,횡단보도행
수원-1450,경기도 수원시 권선구 서수원로183번길 3,37.24320262,126.9688036,5.0,16.1,True,120.0,동일노선 확장,39.1,횡단보도행
수원-1449,,37.24502271,126.9681117,5.0,16.7,True,160.0,근접,58.1,횡단보도행
수원-1448,,37.24642003,126.9679539,4.0,21.2,False,160.0,동일노선 확장,0.0,횡단보도행
수원-1447,,37.24672626,126.9675025,5.0,18.2,True,160.0,동일노선 확장,56.8,횡단보도행
수원-1446,,37.24735224,126.9671121,7.0,25.2,True,180.0,근접,60.7,횡단보도행
수원-1445,,37.25179399,126.9659562,8.0,25.0,True,160.0,근접,51.2,횡단보도행
수원-1444,경기도 수원시 권선구 서수원로 317,37.25516383,126.9654155,9.0,22.9,True,160.0,근접,52.9,횡단보도행
수원-1443,,37.25570015,126.9651202,9.0,22.4,True,160.0,근접,53.3,횡단보도행
수원-1442,,37.2587855,126.9643279,7.0,31.1,True,160.0,근접,46.4,횡단보도행
수원-1441,,37.26082185,126.9644863,9.0,28.0,True,160.0,근접,48.8,횡단보도행
수원-1440,,37.26138042,126.9642831,9.0,29.0,True,160.0,근접,48.0,횡단보도행
수원-1439,경기도 수원시 권선구 서수원로 445,37.26620828,126.9619652,8.0,23.0,True,160.0,근접,52.8,횡단보도행
수원-1438,경기도 수원시 권선구 서수원로 453,37.26703672,126.9617789,6.0,22.1,True,160.0,근접,53.5,횡단보도행
수원-1437,경기도 수원시 권선구 서수원로 477,37.26916198,126.9613352,7.0,28.7,True,160.0,근접,48.3,횡단보도행
수원-1436,,37.26982191,126.9609547,6.0,27.8,True,160.0,근접,49.0,횡단보도행
수원-1435,,37.27159669,126.9602078,9.0,23.4,True,160.0,근접,52.5,횡단보도행
수원-1434,경기도 수원시 권선구 서수원로 515,37.27211156,126.9598027,9.0,23.1,True,160.0,근접,52.7,횡단보도행
수원-1433,,37.27334412,126.9586734,8.0,30.1,True,160.0,근접,47.2,횡단보도행
수원-1482,경기도 수원시 권선구 구운로74번길 2,37.28006638,126.9728086,2.0,6.8,False,120.0,영통 차로수별 중앙값,0.0,횡단보도행
수원-1481,,37.28121228,126.9723466,1.0,7.8,False,170.0,근접,0.0,횡단보도행
수원-1480,경기도 수원시 권선구 구운로86번길 3,37.28124046,126.9733193,3.0,6.6,True,170.0,근접,71.9,횡단보도행
수원-1479,,37.23882188,127.029614,2.0,13.3,False,160.0,근접,0.0,횡단보도행
수원-1478,,37.23882188,127.029614,2.0,13.8,True,160.0,근접,60.6,횡단보도행
수원-1477,,37.23882188,127.029614,5.0,12.8,True,160.0,근접,61.4,횡단보도행
수원-1476,,37.23882188,127.029614,5.0,18.8,True,160.0,근접,56.3,횡단보도행
수원-1475,,37.23963334,127.0272779,6.0,21.6,True,150.0,근접,49.1,횡단보도행
수원-1474,,37.24022625,127.0256133,6.0,20.4,True,150.0,근접,50.1,횡단보도행
수원-1473,,37.24022625,127.0256133,6.0,19.8,True,150.0,근접,50.6,횡단보도행
수원-1472,,37.24022625,127.0256133,6.0,24.2,True,150.0,근접,47.0,횡단보도행
수원-1471,경기도 수원시 권선구 곡반정로 72-8,37.23451374,127.029336,2.0,5.9,False,60.0,동일노선 확장,0.0,횡단보도행
수원-1470,,37.23490051,127.0292291,2.0,6.9,False,60.0,동일노선 확장,0.0,횡단보도행
수원-1469,경기도 수원시 권선구 곡반정로 82,37.23575238,127.0302753,2.0,7.0,False,120.0,영통 차로수별 중앙값,0.0,횡단보도행
수원-1468,경기도 수원시 권선구 곡반정로 93,37.23668883,127.0300214,2.0,5.1,False,120.0,영통 차로수별 중앙값,0.0,횡단보도행
수원-1467,경기도 수원시 권선구 곡반정로 113,37.23823407,127.0309927,2.0,6.4,False,160.0,근접,0.0,횡단보도행
수원-1466,경기도 수원시 권선구 동수원로146번길 233,37.24043874,127.0323207,2.0,6.1,False,160.0,근접,0.0,횡단보도행
수원-1465,경기도 수원시 권선구 곡반정로 161,37.24220908,127.0332343,2.0,5.7,False,160.0,근접,0.0,횡단보도행
수원-1464,경기도 수원시 권선구 동수원로146번길 145,37.24425032,127.0342703,2.0,4.6,False,160.0,근접,0.0,횡단보도행
수원-1463,,37.24574424,127.0349245,4.0,19.0,False,150.0,영통 차로수별 중앙값,0.0,횡단보도행
수원-1462,경기도 수원시 권선구 고현로 48,37.25219333,126.9867147,2.0,11.5,True,180.0,근접,72.5,횡단보도행
수원-1461,경기도 수원시 권선구 고현로 9,37.24890607,126.9873684,2.0,6.9,True,120.0,근접,46.9,횡단보도행
수원-1460,경기도 수원시 권선구 고현로 3,37.24824891,126.9875646,2.0,6.8,False,120.0,근접,0.0,횡단보도행
수원-1459,,37.24850517,126.9774755,3.0,10.8,False,120.0,영통 차로수별 중앙값,0.0,횡단보도행
수원-1458,,37.23383111,126.9836105,7.0,16.6,True,160.0,근접,58.1,횡단보도행
수원-1723,경기도 수원시 권선구 세권로 157,37.25658517,127.0216432,4.0,15.6,True,180.0,근접,68.8,횡단보도행
수원-1722,경기도 수원시 권선구 장다리로 68,37.25642724,127.0204827,4.0,12.9,True,150.0,영통 차로수별 중앙값,56.4,횡단보도행
수원-1721,경기도 수원시 권선구 세권로 145,37.2568227,127.0202091,4.0,13.1,True,120.0,동일노선 확장,41.6,횡단보도행
수원-1720,경기도 수원시 권선구 세권로 135-1,37.25705331,127.0192721,4.0,12.6,False,120.0,근접,0.0,횡단보도행
수원-1719,경기도 수원시 권선구 세권로 118,37.25722514,127.017196,4.0,12.9,True,120.0,동일노선 확장,41.8,횡단보도행
수원-1718,경기도 수원시 권선구 세권로 114-1,37.25736784,127.016823,2.0,6.0,True,120.0,영통 차로수별 중앙값,47.7,횡단보도행
수원-1717,경기도 수원시 권선구 세권로 100-3,37.25770437,127.0153548,2.0,5.2,False,120.0,영통 차로수별 중앙값,0.0,횡단보도행
수원-1716,경기도 수원시 권선구 세권로 85,37.25836547,127.0139071,2.0,7.1,True,120.0,영통 차로수별 중앙값,46.7,횡단보도행
수원-1715,경기도 수원시 권선구 정조로 558,37.25884637,127.0124831,2.0,7.5,True,120.0,영통 차로수별 중앙값,46.4,횡단보도행
수원-1714,경기도 수원시 권선구 정조로 553,37.25866386,127.0119429,2.0,5.9,True,120.0,영통 차로수별 중앙값,47.8,횡단보도행
수원-1713,,37.25894206,127.0104444,2.0,6.3,False,120.0,영통 차로수별 중앙값,0.0,횡단보도행
수원-1712,경기도 수원시 권선구 세권로 50,37.25910057,127.009775,2.0,8.5,True,120.0,동일노선 확장,45.5,횡단보도행
수원-1711,경기도 수원시 권선구 세권로 42,37.2592557,127.0090183,2.0,6.4,False,120.0,근접,0.0,횡단보도행
수원-1710,경기도 수원시 권선구 세권로 38,37.25940669,127.008476,2.0,6.6,True,90.0,근접,32.4,횡단보도행
수원-1709,경기도 수원시 권선구 세권로34번길 2,37.25948603,127.008047,4.0,12.8,True,90.0,근접,27.4,횡단보도행
수원-1708,경기도 수원시 권선구 세권로 28,37.25963641,127.0073581,2.0,9.2,False,120.0,동일노선 확장,0.0,횡단보도행
수원-1707,경기도 수원시 권선구 세권로 14,37.25993709,127.005969,4.0,13.5,True,90.0,근접,26.8,횡단보도행
수원-1706,,37.26023197,127.0053049,2.0,14.4,False,90.0,근접,0.0,횡단보도행
수원-1705,,37.26792728,126.9882596,3.0,15.7,True,120.0,근접,39.4,횡단보도행
수원-1704,,37.2678427,126.9896763,3.0,9.5,True,120.0,동일노선 확장,44.6,횡단보도행
수원-1703,경기도 수원시 권선구 서호동로 26,37.26840141,126.9911274,3.0,10.1,True,120.0,근접,44.1,횡단보도행
수원-1702,경기도 수원시 권선구 서호동로 38-1,37.26878623,126.9925798,3.0,8.8,False,120.0,동일노선 확장,0.0,횡단보도행
수원-1701,경기도 수원시 권선구 수인로 43-29,37.26941242,126.9935681,4.0,18.6,True,180.0,근접,66.2,횡단보도행
수원-1700,,37.26940555,126.9942451,4.0,16.8,True,180.0,근접,67.8,횡단보도행
수원-1750,,37.26191966,126.9958701,12.0,30.6,True,180.0,근접,56.3,횡단보도행
가상-0,,37.27990812,127.051164,,17.9,True,150.0,신호등보충,52.2,신호등보충
가상-1,,37.2921508,127.0506527,,17.9,True,160.0,신호등보충,57.0,신호등보충
가상-2,,37.29300774,127.0495558,,17.9,True,160.0,신호등보충,57.0,신호등보충
가상-3,,37.29349827,127.0512152,,17.9,True,160.0,신호등보충,57.0,신호등보충
가상-4,,37.29235117,127.0577646,,17.9,True,160.0,신호등보충,57.0,신호등보충
가상-5,,37.29534156,127.0559044,,17.9,True,160.0,신호등보충,57.0,신호등보충
가상-7,,37.29920508,127.0476618,,17.9,True,160.0,신호등보충,57.0,신호등보충
가상-8,,37.3007678,127.0421796,,17.9,True,160.0,신호등보충,57.0,신호등보충
가상-11,,37.27525056,127.06043089999999,,17.9,True,180.0,신호등보충,66.8,신호등보충
가상-12,,37.27510228,127.0614757,,17.9,True,135.0,신호등보충,44.9,신호등보충
가상-13,,37.27601134,127.0676006,,17.9,True,150.0,신호등보충,52.2,신호등보충
가상-14,,37.28100411,127.0696266,,17.9,True,150.0,신호등보충,52.2,신호등보충
가상-17,,37.28350109,127.0522069,,17.9,True,101.0,신호등보충,28.7,신호등보충
가상-18,,37.2845339,127.052322,,17.9,True,160.0,신호등보충,57.0,신호등보충
가상-19,,37.28387405,127.0521098,,17.9,True,160.0,신호등보충,57.0,신호등보충
가상-21,,37.28730705,127.0553697,,17.9,True,160.0,신호등보충,57.0,신호등보충
가상-23,,37.28980935,127.0581565,,17.9,True,143.5,신호등보충,49.0,신호등보충
가상-25,,37.28990043,127.0514917,,17.9,True,80.0,신호등보충,19.0,신호등보충
가상-26,,37.29054583,127.0526182,,17.9,True,160.0,신호등보충,57.0,신호등보충
가상-27,,37.28978266,127.0464151,,17.9,True,160.0,신호등보충,57.0,신호등보충
가상-28,,37.28916144,127.0472118,,17.9,True,160.0,신호등보충,57.0,신호등보충
가상-36,,37.29610342,127.0082943,,17.9,True,150.0,신호등보충,52.2,신호등보충
가상-39,,37.26151844,127.0080931,,17.9,True,120.0,신호등보충,37.7,신호등보충
가상-40,,37.25347243,127.0230507,,17.9,True,105.0,신호등보충,30.6,신호등보충
가상-41,,37.2859079,126.9807661,,17.9,True,150.0,신호등보충,52.2,신호등보충
가상-48,,37.2584003,126.964993,,17.9,True,160.0,신호등보충,57.0,신호등보충
가상-50,,37.2940393,127.0798222,,17.9,True,160.0,신호등보충,57.0,신호등보충
가상-52,,37.25092566,127.0625879,,17.9,True,160.0,신호등보충,57.0,신호등보충
가상-53,,37.24989846,127.0660942,,17.9,True,160.0,신호등보충,57.0,신호등보충
가상-54,,37.25105346,127.0645368,,17.9,True,160.0,신호등보충,57.0,신호등보충
가상-55,,37.25248392,127.0654298,,17.9,True,90.0,신호등보충,23.5,신호등보충
가상-56,,37.25689069,127.072881,,17.9,True,100.0,신호등보충,28.2,신호등보충
가상-57,,37.25781502,127.0722033,,17.9,True,100.0,신호등보충,28.2,신호등보충
가상-58,,37.2633295,127.07778216666667,,17.9,True,150.0,신호등보충,52.2,신호등보충
가상-60,,37.25390877,127.0788323,,17.9,True,130.0,신호등보충,42.5,신호등보충
가상-62,,37.2911282,127.0672987,,17.9,True,90.0,신호등보충,23.5,신호등보충
가상-63,,37.26010058,127.043589,,17.9,True,160.0,신호등보충,57.0,신호등보충
가상-64,,37.25644622,127.0431047,,17.9,True,120.0,신호등보충,37.7,신호등보충
가상-66,,37.25316203,127.0383693,,17.9,True,150.0,신호등보충,52.2,신호등보충
가상-70,,37.24904997,127.0355678,,17.9,True,150.0,신호등보충,52.2,신호등보충
가상-71,,37.24728058,127.0347228,,17.9,True,150.0,신호등보충,52.2,신호등보충
가상-80,,37.25130207,127.0600583,,17.9,True,160.0,신호등보충,57.0,신호등보충
가상-81,,37.25211394,127.0603671,,17.9,True,160.0,신호등보충,57.0,신호등보충
가상-83,,37.251288134999996,127.02322004999999,,17.9,True,120.0,신호등보충,37.7,신호등보충
가상-90,,37.265936,127.055191,,17.9,True,180.0,신호등보충,66.8,신호등보충
가상-91,,37.26147847,127.046242,,17.9,True,90.0,신호등보충,23.5,신호등보충
가상-92,,37.26277261,127.0435459,,17.9,True,160.0,신호등보충,57.0,신호등보충
가상-96,,37.252496875,127.066111125,,17.9,True,170.0,신호등보충,61.9,신호등보충
가상-99,,37.24568415,127.0573362,,17.9,True,180.0,신호등보충,66.8,신호등보충
가상-100,,37.25922675,127.0791695,,17.9,True,180.0,신호등보충,66.8,신호등보충
가상-101,,37.26565416,127.082493,,17.9,True,180.0,신호등보충,66.8,신호등보충
가상-102,,37.2631896,126.9948987,,17.9,True,180.0,신호등보충,66.8,신호등보충
가상-105,,37.24976933,127.0442212,,17.9,True,180.0,신호등보충,66.8,신호등보충
가상-106,,37.24967171,127.0404281,,17.9,True,180.0,신호등보충,66.8,신호등보충
가상-107,,37.25483947,127.0449056,,17.9,True,180.0,신호등보충,66.8,신호등보충
가상-108,,37.25853146,127.0458208,,17.9,True,180.0,신호등보충,66.8,신호등보충
가상-109,,37.25091373,127.0418247,,17.9,True,180.0,신호등보충,66.8,신호등보충
가상-111,,37.2655038,127.050997,,17.9,True,180.0,신호등보충,66.8,신호등보충
가상-114,,37.2627398,126.9966255,,17.9,True,180.0,신호등보충,66.8,신호등보충
가상-115,,37.24647862,127.0528395,,17.9,True,180.0,신호등보충,66.8,신호등보충
가상-116,,37.24975524,127.058887,,17.9,True,160.0,신호등보충,57.0,신호등보충
가상-117,,37.24094464,127.0552663,,17.9,True,180.0,신호등보충,66.8,신호등보충
가상-118,,37.2433021,127.0557389,,17.9,True,180.0,신호등보충,66.8,신호등보충
가상-120,,37.26870531,127.0663914,,17.9,True,180.0,신호등보충,66.8,신호등보충
가상-121,,37.2507967,127.0341891,,17.9,True,180.0,신호등보충,66.8,신호등보충
가상-123,,37.25801521,127.0375251,,17.9,True,180.0,신호등보충,66.8,신호등보충
가상-128,,37.27242277,127.05472295,,17.9,True,180.0,신호등보충,66.8,신호등보충
가상-132,,37.27630602,127.0468147,,17.9,True,160.0,신호등보충,57.0,신호등보충
가상-133,,37.27640244,127.0490259,,17.9,True,160.0,신호등보충,57.0,신호등보충
가상-136,,37.2866839,127.0172703,,17.9,True,150.0,신호등보충,52.2,신호등보충
가상-142,,37.25266783,127.0198815,,17.9,True,180.0,신호등보충,66.8,신호등보충
가상-144,,37.25005399,127.0187983,,17.9,True,180.0,신호등보충,66.8,신호등보충
가상-145,,37.25320531,127.0204364,,17.9,True,180.0,신호등보충,66.8,신호등보충
가상-151,,37.26277927,127.0279131,,17.9,True,180.0,신호등보충,66.8,신호등보충
가상-153,,37.2675774,126.9755284,,17.9,True,110.0,신호등보충,32.9,신호등보충
가상-162,,37.26937407,126.970142,,17.9,True,160.0,신호등보충,57.0,신호등보충
가상-165,,37.2614825,127.0093745,,17.9,True,180.0,신호등보충,66.8,신호등보충
가상-179,,37.26567687,127.0000961,,17.9,True,180.0,신호등보충,66.8,신호등보충
가상-184,,37.28680709,126.9919736,,17.9,True,150.0,신호등보충,52.2,신호등보충
가상-185,,37.29384523,127.0007403,,17.9,True,86.0,신호등보충,21.7,신호등보충
가상-188,,37.29036769,127.0051013,,17.9,True,150.0,신호등보충,52.2,신호등보충
가상-194,,37.294116245,127.0099822,,17.9,True,155.0,신호등보충,54.6,신호등보충
가상-195,,37.29479929,127.012171,,17.9,True,150.0,신호등보충,52.2,신호등보충
가상-196,,37.29591899,127.0088517,,17.9,True,150.0,신호등보충,52.2,신호등보충
가상-200,,37.30623404,127.014808,,17.9,True,150.0,신호등보충,52.2,신호등보충
가상-201,,37.30528588,127.0129539,,17.9,True,150.0,신호등보충,52.2,신호등보충
가상-203,,37.30700768,127.0081902,,17.9,True,120.0,신호등보충,37.7,신호등보충
가상-208,,37.26807842,126.9711312,,17.9,True,160.0,신호등보충,57.0,신호등보충
가상-209,,37.25767477,126.9973994,,17.9,True,180.0,신호등보충,66.8,신호등보충
가상-211,,37.2612224,127.000998,,17.9,True,180.0,신호등보충,66.8,신호등보충
가상-214,,37.26747483,127.00392719999999,,17.9,True,150.0,신호등보충,52.2,신호등보충
가상-220,,37.26775359,126.9784577,,17.9,True,90.0,신호등보충,23.5,신호등보충
가상-230,,37.28350219,126.9748893,,17.9,True,120.0,신호등보충,37.7,신호등보충
가상-231,,37.28434826,126.976317,,17.9,True,120.0,신호등보충,37.7,신호등보충
가상-235,,37.29713479,126.9937624,,17.9,True,90.0,신호등보충,23.5,신호등보충
가상-250,,37.29046532,127.0541486,,17.9,True,160.0,신호등보충,57.0,신호등보충
가상-254,,37.2718672,126.9377986,,17.9,True,120.0,신호등보충,37.7,신호등보충
가상-268,,37.2591515,126.9703717,,17.9,True,120.0,신호등보충,37.7,신호등보충
가상-269,,37.26867712,126.99706864999999,,17.9,True,90.0,신호등보충,23.5,신호등보충
가상-270,,37.26824869,126.9977121,,17.9,True,90.0,신호등보충,23.5,신호등보충
가상-273,,37.25600295,126.9708013,,17.9,True,160.0,신호등보충,57.0,신호등보충
가상-280,,37.26255428,127.063276,,17.9,True,160.0,신호등보충,57.0,신호등보충
가상-281,,37.26758805,127.0612153,,17.9,True,150.0,신호등보충,52.2,신호등보충
가상-285,,37.24517683,127.0318009,,17.9,True,180.0,신호등보충,66.8,신호등보충
가상-288,,37.23470937,127.027597,,17.9,True,100.0,신호등보충,28.2,신호등보충
가상-289,,37.24799337,127.078911,,17.9,True,180.0,신호등보충,66.8,신호등보충
가상-290,,37.24797777,127.0760314,,17.9,True,180.0,신호등보충,66.8,신호등보충
가상-292,,37.26781427,127.0620639,,17.9,True,120.0,신호등보충,37.7,신호등보충
가상-293,,37.23925789,126.9867227,,17.9,True,120.0,신호등보충,37.7,신호등보충
가상-296,,37.29127908,127.0516138,,17.9,True,160.0,신호등보충,57.0,신호등보충
가상-297,,37.28927843,127.0493314,,17.9,True,160.0,신호등보충,57.0,신호등보충
가상-298,,37.28817884,127.0482756,,17.9,True,160.0,신호등보충,57.0,신호등보충
가상-299,,37.28863207,127.0476924,,17.9,True,160.0,신호등보충,57.0,신호등보충
가상-302,,37.25448413,127.0750221,,17.9,True,130.0,신호등보충,42.5,신호등보충
가상-308,,37.2497258,127.0806585,,17.9,True,180.0,신호등보충,66.8,신호등보충
가상-309,,37.2362648,126.976214,,17.9,True,120.0,신호등보충,37.7,신호등보충
가상-310,,37.26103436,126.9943587,,17.9,True,180.0,신호등보충,66.8,신호등보충
가상-312,,37.30402833,127.0103129,,17.9,True,98.0,신호등보충,27.3,신호등보충
가상-313,,37.26014671,126.9973429,,17.9,True,180.0,신호등보충,66.8,신호등보충
가상-314,,37.25965422,127.0402953,,17.9,True,180.0,신호등보충,66.8,신호등보충
가상-315,,37.27792352,127.0274498,,17.9,True,180.0,신호등보충,66.8,신호등보충
가상-317,,37.30354847,127.0075037,,17.9,True,180.0,신호등보충,66.8,신호등보충
가상-318,,37.26414525,126.99429405000001,,17.9,True,135.0,신호등보충,44.9,신호등보충
가상-320,,37.27189427,126.9881191,,17.9,True,180.0,신호등보충,66.8,신호등보충
가상-322,,37.27354019,126.9800153,,17.9,True,180.0,신호등보충,66.8,신호등보충
가상-325,,37.2600889,126.9837605,,17.9,True,180.0,신호등보충,66.8,신호등보충
가상-327,,37.30638504,126.9721083,,17.9,True,180.0,신호등보충,66.8,신호등보충
가상-329,,37.24709756,126.9655865,,17.9,True,110.0,신호등보충,32.9,신호등보충
가상-330,,37.24714816,127.0426106,,17.9,True,120.0,신호등보충,37.7,신호등보충
가상-331,,37.2923804,127.0488967,,17.9,True,160.0,신호등보충,57.0,신호등보충
가상-334,,37.302332055,126.98040065,,17.9,True,112.5,신호등보충,34.1,신호등보충
가상-338,,37.24841253,126.9727918,,17.9,True,180.0,신호등보충,66.8,신호등보충
가상-339,,37.27680312,126.9470264,,17.9,True,140.0,신호등보충,47.3,신호등보충
가상-340,,37.28976167,127.0481243,,17.9,True,150.0,신호등보충,52.2,신호등보충
가상-344,,37.2346531,126.97866,,17.9,True,120.0,신호등보충,37.7,신호등보충
가상-347,,37.24392103,126.9687521,,17.9,True,120.0,신호등보충,37.7,신호등보충
가상-349,,37.2746387,126.9347932,,17.9,True,50.0,신호등보충,6.3,신호등보충
가상-350,,37.27257254,126.94548,,17.9,True,80.0,신호등보충,19.0,신호등보충
가상-351,,37.31084579,126.9927543,,17.9,True,180.0,신호등보충,66.8,신호등보충
가상-352,,37.29943263,126.982976,,17.9,True,68.0,신호등보충,13.7,신호등보충
가상-353,,37.29535733,126.988126,,17.9,True,75.0,신호등보충,16.7,신호등보충
가상-356,,37.2570589,127.069241,,17.9,True,100.0,신호등보충,28.2,신호등보충
가상-358,,37.23924306,127.0626141,,17.9,True,120.0,신호등보충,37.7,신호등보충
가상-359,,37.24108252,127.0637408,,17.9,True,120.0,신호등보충,37.7,신호등보충
가상-360,,37.24859525,127.0666245,,17.9,True,160.0,신호등보충,57.0,신호등보충
가상-361,,37.26482505,127.0111263,,17.9,True,140.0,신호등보충,47.3,신호등보충
가상-362,,37.2878401,127.052537,,17.9,True,145.0,신호등보충,49.7,신호등보충
가상-363,,37.24371555,127.0630328,,17.9,True,120.0,신호등보충,37.7,신호등보충
가상-364,,37.2414558,127.0617817,,17.9,True,180.0,신호등보충,66.8,신호등보충
가상-365,,37.241209,127.0497,,17.9,True,150.0,신호등보충,52.2,신호등보충
가상-366,,37.2412261,127.048213,,17.9,True,150.0,신호등보충,52.2,신호등보충
가상-368,,37.2692155,126.9973249,,17.9,True,120.0,신호등보충,37.7,신호등보충
가상-369,,37.26576116,126.9989067,,17.9,True,50.0,신호등보충,6.3,신호등보충
가상-370,,37.2637134,127.0002723,,17.9,True,100.0,신호등보충,28.2,신호등보충
가상-371,,37.28211368,127.0592529,,17.9,True,126.5,신호등보충,40.8,신호등보충
가상-372,,37.25991839,126.989882,,17.9,True,180.0,신호등보충,66.8,신호등보충
가상-375,,37.28583718,127.0411042,,17.9,True,90.0,신호등보충,23.5,신호등보충
가상-376,,37.2543576,127.0253764,,17.9,True,90.0,신호등보충,23.5,신호등보충
가상-378,,37.25711606,127.0080396,,17.9,True,90.0,신호등보충,23.5,신호등보충
가상-379,,37.2576165,127.008057,,17.9,True,90.0,신호등보충,23.5,신호등보충
가상-381,,37.24101996,127.0650674,,17.9,True,120.0,신호등보충,37.7,신호등보충
가상-382,,37.30531946,126.9709111,,17.9,True,130.0,신호등보충,42.5,신호등보충
가상-383,,37.27998986,127.0321375,,17.9,True,120.0,신호등보충,37.7,신호등보충
가상-385,,37.2344134,126.973385,,17.9,True,100.0,신호등보충,28.2,신호등보충
가상-387,,37.30076246,127.0060008,,17.9,True,120.0,신호등보충,37.7,신호등보충
가상-393,,37.28750374,126.9881309,,17.9,True,150.0,신호등보충,52.2,신호등보충
가상-394,,37.29209104,126.9876922,,17.9,True,150.0,신호등보충,52.2,신호등보충
가상-395,,37.29708532,126.9796306,,17.9,True,150.0,신호등보충,52.2,신호등보충
가상-397,,37.23761775,127.0613411,,17.9,True,100.0,신호등보충,28.2,신호등보충
가상-399,,37.2437954,127.0640236,,17.9,True,120.0,신호등보충,37.7,신호등보충
가상-400,,37.2432695,127.051327,,17.9,True,150.0,신호등보충,52.2,신호등보충
가상-401,,37.2424091,127.049446,,17.9,True,150.0,신호등보충,52.2,신호등보충
가상-403,,37.2364859,126.973213,,17.9,True,100.0,신호등보충,28.2,신호등보충
가상-406,,37.30004894,127.0301254,,17.9,True,90.0,신호등보충,23.5,신호등보충
가상-411,,37.28724286,126.9819806,,17.9,True,112.5,신호등보충,34.1,신호등보충
가상-412,,37.28590206,126.984727,,17.9,True,150.0,신호등보충,52.2,신호등보충
가상-414,,37.28624634,126.9932636,,17.9,True,75.0,신호등보충,16.7,신호등보충
가상-415,,37.2827604,126.9955135,,17.9,True,90.0,신호등보충,23.5,신호등보충
가상-416,,37.28241,126.994556,,17.9,True,90.0,신호등보충,23.5,신호등보충
가상-419,,37.2895378,127.034617,,17.9,True,75.0,신호등보충,16.7,신호등보충
가상-420,,37.2909122,127.0336701,,17.9,True,150.0,신호등보충,52.2,신호등보충
가상-422,,37.2825094,127.03387,,17.9,True,120.0,신호등보충,37.7,신호등보충
가상-424,,37.29250715,126.9923366,,17.9,True,120.0,신호등보충,37.7,신호등보충
가상-425,,37.29118191,126.9904773,,17.9,True,120.0,신호등보충,37.7,신호등보충
가상-426,,37.29366108,126.9944602,,17.9,True,140.0,신호등보충,47.3,신호등보충
가상-427,,37.2920918,126.9941873,,17.9,True,140.0,신호등보충,47.3,신호등보충
가상-431,,37.30174643,126.99481055,,17.9,True,155.0,신호등보충,54.6,신호등보충
가상-439,,37.30957871,126.9881361,,17.9,True,150.0,신호등보충,52.2,신호등보충
가상-442,,37.3142763,126.986229,,17.9,True,150.0,신호등보충,52.2,신호등보충
가상-445,,37.30262712,126.9751045,,17.9,True,120.0,신호등보충,37.7,신호등보충
가상-446,,37.30092325,126.9772528,,17.9,True,90.0,신호등보충,23.5,신호등보충
가상-447,,37.30269384,126.9785128,,17.9,True,90.0,신호등보충,23.5,신호등보충
가상-451,,37.30024941,126.9810968,,17.9,True,120.0,신호등보충,37.7,신호등보충
가상-453,,37.29863445,126.9845733,,17.9,True,150.0,신호등보충,52.2,신호등보충
가상-462,,37.24866785,127.0570044,,17.9,True,180.0,신호등보충,66.8,신호등보충
가상-465,,37.24696271,127.0440108,,17.9,True,120.0,신호등보충,37.7,신호등보충
가상-466,,37.31223444,126.9855687,,17.9,True,100.0,신호등보충,28.2,신호등보충
가상-469,,37.30999607,126.9848903,,17.9,True,150.0,신호등보충,52.2,신호등보충
가상-472,,37.30561422,126.9745172,,17.9,True,120.0,신호등보충,37.7,신호등보충
가상-473,,37.3061706,126.971025,,17.9,True,130.0,신호등보충,42.5,신호등보충
가상-475,,37.26368928,127.032914,,17.9,True,180.0,신호등보충,66.8,신호등보충
가상-480,,37.24631333,127.0306141,,17.9,True,100.0,신호등보충,28.2,신호등보충
가상-482,,37.28259139,127.0189851,,17.9,True,120.0,신호등보충,37.7,신호등보충
가상-483,,37.26110149,127.0091412,,17.9,True,120.0,신호등보충,37.7,신호등보충
가상-485,,37.29757512,126.9952833,,17.9,True,90.0,신호등보충,23.5,신호등보충
가상-486,,37.2906082,126.9722413,,17.9,True,150.0,신호등보충,52.2,신호등보충
가상-487,,37.28965684,126.9808347,,17.9,True,150.0,신호등보충,52.2,신호등보충
가상-491,,37.2676905,127.056389,,17.9,True,180.0,신호등보충,66.8,신호등보충
가상-493,,37.30694175,126.9886359,,17.9,True,120.0,신호등보충,37.7,신호등보충
가상-494,,37.305252304999996,126.9860159,,17.9,True,90.0,신호등보충,23.5,신호등보충
가상-497,,37.23507807,127.055744,,17.9,True,130.0,신호등보충,42.5,신호등보충
가상-499,,37.23359744,126.981472,,17.9,True,210.0,신호등보충,81.6,신호등보충
가상-504,,37.3073892,127.0476939,,17.9,True,160.0,신호등보충,57.0,신호등보충
가상-508,,37.30505063,127.044878,,17.9,True,160.0,신호등보충,57.0,신호등보충
가상-515,,37.29300925,127.0337858,,17.9,True,180.0,신호등보충,66.8,신호등보충
가상-516,,37.29081276,127.0260433,,17.9,True,180.0,신호등보충,66.8,신호등보충
가상-518,,37.25445213,126.961947,,17.9,True,160.0,신호등보충,57.0,신호등보충
가상-522,,37.27460392,126.9707486,,17.9,True,180.0,신호등보충,66.8,신호등보충
가상-523,,37.2335889,126.974451,,17.9,True,100.0,신호등보충,28.2,신호등보충
가상-524,,37.27530825,126.9356351,,17.9,True,90.0,신호등보충,23.5,신호등보충
가상-526,,37.280049195,127.07026594999999,,17.9,True,150.0,신호등보충,52.2,신호등보충
가상-527,,37.24050176,127.0204937,,17.9,True,120.0,신호등보충,37.7,신호등보충
가상-528,,37.23862921,127.0235351,,17.9,True,150.0,신호등보충,52.2,신호등보충
가상-529,,37.24082428,127.0245801,,17.9,True,150.0,신호등보충,52.2,신호등보충
가상-530,,37.2991829,126.954424,,17.9,True,100.0,신호등보충,28.2,신호등보충
가상-531,,37.26864482,127.067922,,17.9,True,200.0,신호등보충,76.7,신호등보충
가상-533,,37.263769,127.0277047,,17.9,True,180.0,신호등보충,66.8,신호등보충
가상-542,,37.28956416,127.0261324,,17.9,True,180.0,신호등보충,66.8,신호등보충
가상-543,,37.29464247,127.022284,,17.9,True,180.0,신호등보충,66.8,신호등보충
가상-549,,37.30219056,127.0104944,,17.9,True,160.0,신호등보충,57.0,신호등보충
가상-551,,37.28406279,127.0537084,,17.9,True,160.0,신호등보충,57.0,신호등보충
가상-552,,37.2774215,127.0690406,,17.9,True,120.0,신호등보충,37.7,신호등보충
가상-554,,37.25528796,127.0291089,,17.9,True,180.0,신호등보충,66.8,신호등보충
가상-556,,37.25933454,127.0298672,,17.9,True,180.0,신호등보충,66.8,신호등보충
가상-557,,37.26048014,127.0338239,,17.9,True,180.0,신호등보충,66.8,신호등보충
가상-560,,37.2660255,127.0360009,,17.9,True,180.0,신호등보충,66.8,신호등보충
가상-567,,37.26035891,127.0244863,,17.9,True,180.0,신호등보충,66.8,신호등보충
가상-568,,37.26411343,127.0220267,,17.9,True,180.0,신호등보충,66.8,신호등보충
가상-569,,37.26400862,127.0242965,,17.9,True,180.0,신호등보충,66.8,신호등보충
가상-574,,37.26772311,127.0689041,,17.9,True,180.0,신호등보충,66.8,신호등보충
가상-581,,37.28397027,126.9696456,,17.9,True,170.0,신호등보충,61.9,신호등보충
가상-582,,37.29401434,126.9745794,,17.9,True,150.0,신호등보충,52.2,신호등보충
가상-583,,37.29544408,126.9701086,,17.9,True,110.0,신호등보충,32.9,신호등보충
가상-587,,37.30775176,126.9986053,,17.9,True,180.0,신호등보충,66.8,신호등보충
가상-589,,37.27208931,127.0014524,,17.9,True,180.0,신호등보충,66.8,신호등보충
가상-591,,37.2323341,126.976083,,17.9,True,100.0,신호등보충,28.2,신호등보충
가상-592,,37.2334939,126.977428,,17.9,True,120.0,신호등보충,37.7,신호등보충
가상-593,,37.26583936,127.0855963,,17.9,True,90.0,신호등보충,23.5,신호등보충
가상-594,,37.25169324,126.9914508,,17.9,True,180.0,신호등보충,66.8,신호등보충
가상-595,,37.29315029,127.0678864,,17.9,True,160.0,신호등보충,57.0,신호등보충
가상-597,,37.24486508,127.0411137,,17.9,True,180.0,신호등보충,66.8,신호등보충
가상-598,,37.24540638,127.0486659,,17.9,True,180.0,신호등보충,66.8,신호등보충
가상-600,,37.24550581,126.9626377,,17.9,True,160.0,신호등보충,57.0,신호등보충
가상-601,,37.24673887,126.9660612,,17.9,True,160.0,신호등보충,57.0,신호등보충
가상-603,,37.24962372,126.9781863,,17.9,True,180.0,신호등보충,66.8,신호등보충
가상-604,,37.25057131,126.9808392,,17.9,True,180.0,신호등보충,66.8,신호등보충
가상-618,,37.2550283,126.9949124,,17.9,True,180.0,신호등보충,66.8,신호등보충
가상-623,,37.28245684,126.992958,,17.9,True,90.0,신호등보충,23.5,신호등보충
가상-626,,37.24484092,127.066211,,17.9,True,120.0,신호등보충,37.7,신호등보충
가상-627,,37.24149338,127.0604392,,17.9,True,180.0,신호등보충,66.8,신호등보충
가상-628,,37.24414974,127.0616742,,17.9,True,120.0,신호등보충,37.7,신호등보충
가상-629,,37.24352106,127.053709,,17.9,True,150.0,신호등보충,52.2,신호등보충
가상-630,,37.23741869,127.0591274,,17.9,True,180.0,신호등보충,66.8,신호등보충
가상-631,,37.23723536,127.0597629,,17.9,True,180.0,신호등보충,66.8,신호등보충
가상-634,,37.238856245,127.0494857,,17.9,True,180.0,신호등보충,66.8,신호등보충
가상-640,,37.25385225,126.9823466,,17.9,True,110.0,신호등보충,32.9,신호등보충
가상-641,,37.25360106,126.9813192,,17.9,True,110.0,신호등보충,32.9,신호등보충
가상-642,,37.28665351,126.9940027,,17.9,True,150.0,신호등보충,52.2,신호등보충
가상-644,,37.2943282,126.9797731,,17.9,True,100.0,신호등보충,28.2,신호등보충
가상-646,,37.2917156,126.982445,,17.9,True,120.0,신호등보충,37.7,신호등보충
가상-647,,37.24510204,127.0449157,,17.9,True,180.0,신호등보충,66.8,신호등보충
가상-648,,37.2431688,127.043556,,17.9,True,180.0,신호등보충,66.8,신호등보충
가상-649,,37.2413044,127.042783,,17.9,True,180.0,신호등보충,66.8,신호등보충
가상-650,,37.2412889,127.04461,,17.9,True,180.0,신호등보충,66.8,신호등보충
가상-652,,37.30439047,127.0178064,,17.9,True,70.0,신호등보충,14.5,신호등보충
가상-653,,37.283623,126.9938756,,17.9,True,80.0,신호등보충,19.0,신호등보충
가상-654,,37.2838238,126.9950135,,17.9,True,80.0,신호등보충,19.0,신호등보충
가상-656,,37.2712924,127.0547216,,17.9,True,120.0,신호등보충,37.7,신호등보충
가상-660,,37.30075716,127.0290563,,17.9,True,120.0,신호등보충,37.7,신호등보충
가상-664,,37.256455810000006,127.07405109999999,,17.9,True,135.0,신호등보충,44.9,신호등보충
가상-666,,37.27008839,127.0555628,,17.9,True,165.0,신호등보충,59.5,신호등보충
가상-667,,37.24130877,127.0586038,,17.9,True,180.0,신호등보충,66.8,신호등보충
가상-668,,37.24508815,126.961471,,17.9,True,160.0,신호등보충,57.0,신호등보충
가상-669,,37.26523378,127.0586912,,17.9,True,78.0,신호등보충,18.1,신호등보충
가상-674,,37.24407744,127.0530357,,17.9,True,150.0,신호등보충,52.2,신호등보충
가상-675,,37.24454204,127.053187,,17.9,True,150.0,신호등보충,52.2,신호등보충
가상-676,,37.23428014,127.0525159,,17.9,True,130.0,신호등보충,42.5,신호등보충
가상-683,,37.27565936,126.9349359,,17.9,True,100.0,신호등보충,28.2,신호등보충
가상-685,,37.24425459,127.0260019,,17.9,True,150.0,신호등보충,52.2,신호등보충
가상-686,,37.2436046,127.028975,,17.9,True,150.0,신호등보충,52.2,신호등보충
가상-687,,37.24155652,127.0254506,,17.9,True,150.0,신호등보충,52.2,신호등보충
가상-688,,37.24516839,127.0261685,,17.9,True,150.0,신호등보충,52.2,신호등보충
가상-690,,37.24515084,127.065586,,17.9,True,180.0,신호등보충,66.8,신호등보충
가상-694,,37.29032276,127.0454532,,17.9,True,160.0,신호등보충,57.0,신호등보충
가상-701,,37.26972407,126.9517634,,17.9,True,120.0,신호등보충,37.7,신호등보충
가상-703,,37.27365161,126.954231,,17.9,True,160.0,신호등보충,57.0,신호등보충
가상-707,,37.26916095,126.9431247,,17.9,True,160.0,신호등보충,57.0,신호등보충
가상-708,,37.270524705,126.9451601,,17.9,True,80.0,신호등보충,19.0,신호등보충
가상-709,,37.27000848,126.9426247,,17.9,True,160.0,신호등보충,57.0,신호등보충
가상-710,,37.27187701,126.942098,,17.9,True,160.0,신호등보충,57.0,신호등보충
가상-711,,37.2730611,126.941159,,17.9,True,160.0,신호등보충,57.0,신호등보충
가상-712,,37.27349693,126.947782,,17.9,True,160.0,신호등보충,57.0,신호등보충
가상-715,,37.2909608,127.0295463,,17.9,True,180.0,신호등보충,66.8,신호등보충
가상-719,,37.27644402,126.94596390000001,,17.9,True,100.0,신호등보충,28.2,신호등보충
가상-720,,37.2583401,126.96225,,17.9,True,150.0,신호등보충,52.2,신호등보충
가상-721,,37.25958706,126.9626948,,17.9,True,150.0,신호등보충,52.2,신호등보충
가상-722,,37.25866072666667,126.9594105,,17.9,True,150.0,신호등보충,52.2,신호등보충
가상-724,,37.258825755000004,126.9556875,,17.9,True,150.0,신호등보충,52.2,신호등보충
가상-728,,37.26617228,126.9594248,,17.9,True,160.0,신호등보충,57.0,신호등보충
가상-730,,37.26035091,127.0090185,,17.9,True,120.0,신호등보충,37.7,신호등보충
가상-737,,37.2974631,127.018049,,17.9,True,50.0,신호등보충,6.3,신호등보충
가상-739,,37.29907631,127.016742,,17.9,True,90.0,신호등보충,23.5,신호등보충
가상-740,,37.29796724,127.019607,,17.9,True,90.0,신호등보충,23.5,신호등보충
가상-743,,37.3114637,126.9833349,,17.9,True,100.0,신호등보충,28.2,신호등보충
가상-746,,37.25636765,126.9624671,,17.9,True,150.0,신호등보충,52.2,신호등보충
가상-747,,37.30371482,126.996989,,17.9,True,80.0,신호등보충,19.0,신호등보충
가상-749,,37.28834283,127.00759,,17.9,True,60.0,신호등보충,10.3,신호등보충
가상-750,,37.2500331,127.0241872,,17.9,True,50.0,신호등보충,6.3,신호등보충
가상-751,,37.25644901,127.0273183,,17.9,True,70.0,신호등보충,14.5,신호등보충
가상-754,,37.2391266,127.042379,,17.9,True,180.0,신호등보충,66.8,신호등보충
가상-755,,37.2387764,127.043924,,17.9,True,180.0,신호등보충,66.8,신호등보충
가상-756,,37.23629436,127.052888,,17.9,True,130.0,신호등보충,42.5,신호등보충
가상-757,,37.23793906,126.9739652,,17.9,True,120.0,신호등보충,37.7,신호등보충
가상-758,,37.23723616,127.055762,,17.9,True,130.0,신호등보충,42.5,신호등보충
가상-759,,37.25392818,127.0302379,,17.9,True,180.0,신호등보충,66.8,신호등보충
가상-760,,37.26371156,127.0362165,,17.9,True,90.0,신호등보충,23.5,신호등보충
가상-761,,37.25797569,126.9625695,,17.9,True,150.0,신호등보충,52.2,신호등보충
가상-762,,37.28343745,126.9421875,,17.9,True,180.0,신호등보충,66.8,신호등보충
가상-763,,37.27956923,126.9424523,,17.9,True,180.0,신호등보충,66.8,신호등보충
가상-765,,37.2912808,126.9917372,,17.9,True,160.0,신호등보충,57.0,신호등보충
가상-766,,37.27027985,127.049063,,17.9,True,120.0,신호등보충,37.7,신호등보충
가상-768,,37.30476787,126.9695872,,17.9,True,130.0,신호등보충,42.5,신호등보충
가상-770,,37.2391223,127.039825,,17.9,True,190.0,신호등보충,71.7,신호등보충
가상-771,,37.2407067,127.037964,,17.9,True,180.0,신호등보충,66.8,신호등보충
가상-772,,37.2414583,127.038538,,17.9,True,180.0,신호등보충,66.8,신호등보충
가상-773,,37.243521,127.03976,,17.9,True,180.0,신호등보충,66.8,신호등보충
가상-775,,37.296737414999996,126.9830394,,17.9,True,120.0,신호등보충,37.7,신호등보충
가상-776,,37.27688248,127.0313306,,17.9,True,120.0,신호등보충,37.7,신호등보충
가상-777,,37.2838975,126.9975744,,17.9,True,120.0,신호등보충,37.7,신호등보충
가상-778,,37.24030446,127.0483246,,17.9,True,150.0,신호등보충,52.2,신호등보충
가상-780,,37.2874008,126.9893684,,17.9,True,140.0,신호등보충,47.3,신호등보충
가상-781,,37.28834174,126.9889163,,17.9,True,140.0,신호등보충,47.3,신호등보충
가상-782,,37.288920309999995,126.98874445,,17.9,True,140.0,신호등보충,47.3,신호등보충
가상-784,,37.29633191,127.031554,,17.9,True,60.0,신호등보충,10.3,신호등보충
가상-787,,37.28806966,126.94008,,17.9,True,120.0,신호등보충,37.7,신호등보충
가상-788,,37.28730517,126.9426933,,17.9,True,120.0,신호등보충,37.7,신호등보충
가상-789,,37.28739681,126.944605,,17.9,True,180.0,신호등보충,66.8,신호등보충
가상-790,,37.28450744,126.945866,,17.9,True,180.0,신호등보충,66.8,신호등보충
가상-791,,37.27328368,127.0198928,,17.9,True,100.0,신호등보충,28.2,신호등보충
가상-794,,37.2818826,127.0198507,,17.9,True,120.0,신호등보충,37.7,신호등보충
가상-798,,37.24659431,127.0573149,,17.9,True,180.0,신호등보충,66.8,신호등보충
가상-805,,37.24306341,127.031886,,17.9,True,180.0,신호등보충,66.8,신호등보충
가상-809,,37.27063019,127.0356805,,17.9,True,180.0,신호등보충,66.8,신호등보충
가상-811,,37.292994795,127.05109195,,17.9,True,160.0,신호등보충,57.0,신호등보충
가상-813,,37.30661576,127.0447261,,17.9,True,160.0,신호등보충,57.0,신호등보충
가상-814,,37.30628925,127.047479,,17.9,True,160.0,신호등보충,57.0,신호등보충
가상-815,,37.28694657,127.0638496,,17.9,True,160.0,신호등보충,57.0,신호등보충
가상-817,,37.28828442,127.059815,,17.9,True,160.0,신호등보충,57.0,신호등보충
가상-823,,37.23878454,127.0359783,,17.9,True,60.0,신호등보충,10.3,신호등보충
가상-824,,37.24297612,127.0372178,,17.9,True,60.0,신호등보충,10.3,신호등보충
가상-825,,37.26847708,127.0537706,,17.9,True,160.0,신호등보충,57.0,신호등보충
가상-826,,37.25923824,127.0341172,,17.9,True,90.0,신호등보충,23.5,신호등보충
가상-830,,37.3125309,126.9823882,,17.9,True,90.0,신호등보충,23.5,신호등보충
가상-832,,37.2583851,126.970754,,17.9,True,120.0,신호등보충,37.7,신호등보충
가상-834,,37.23864908,126.9835084,,17.9,True,120.0,신호등보충,37.7,신호등보충
가상-835,,37.2389981,126.9844749,,17.9,True,120.0,신호등보충,37.7,신호등보충
가상-836,,37.23910942,126.9882175,,17.9,True,120.0,신호등보충,37.7,신호등보충
가상-837,,37.25040247,126.9915246,,17.9,True,120.0,신호등보충,37.7,신호등보충
가상-838,,37.24469045,126.9915217,,17.9,True,120.0,신호등보충,37.7,신호등보충
가상-843,,37.28722869,126.9828949,,17.9,True,75.0,신호등보충,16.7,신호등보충
가상-844,,37.26185806,127.0781262,,17.9,True,100.0,신호등보충,28.2,신호등보충
가상-845,,37.29547448,126.9647112,,17.9,True,120.0,신호등보충,37.7,신호등보충
가상-846,,37.25588056,127.0428119,,17.9,True,100.0,신호등보충,28.2,신호등보충
가상-847,,37.28492971,127.0517528,,17.9,True,95.0,신호등보충,25.9,신호등보충
가상-849,,37.25266782,126.9913401,,17.9,True,180.0,신호등보충,66.8,신호등보충
가상-851,,37.2442902,127.0201299,,17.9,True,60.0,신호등보충,10.3,신호등보충
가상-852,,37.24145209,127.053567,,17.9,True,106.0,신호등보충,31.0,신호등보충
가상-856,,37.295982,127.0558786,,17.9,True,160.0,신호등보충,57.0,신호등보충
가상-857,,37.31570704,126.9835637,,17.9,True,150.0,신호등보충,52.2,신호등보충
가상-858,,37.29118745,127.0716896,,17.9,True,160.0,신호등보충,57.0,신호등보충
가상-859,,37.29175685,127.0333003,,17.9,True,150.0,신호등보충,52.2,신호등보충
가상-860,,37.3143044,126.983849,,17.9,True,90.0,신호등보충,23.5,신호등보충
가상-861,,37.3133904,126.982947,,17.9,True,90.0,신호등보충,23.5,신호등보충
가상-862,,37.25406019,127.0413704,,17.9,True,60.0,신호등보충,10.3,신호등보충
가상-866,,37.27482827,127.0285752,,17.9,True,90.0,신호등보충,23.5,신호등보충
가상-867,,37.27095981,127.0463143,,17.9,True,60.0,신호등보충,10.3,신호등보충
가상-872,,37.2473453,126.9855951,,17.9,True,120.0,신호등보충,37.7,신호등보충
가상-873,,37.2461451,126.9811797,,17.9,True,120.0,신호등보충,37.7,신호등보충
가상-874,,37.2462533,126.9823953,,17.9,True,120.0,신호등보충,37.7,신호등보충
가상-876,,37.2736815,126.9656268,,17.9,True,160.0,신호등보충,57.0,신호등보충
가상-877,,37.25840902,126.9900823,,17.9,True,180.0,신호등보충,66.8,신호등보충
가상-878,,37.2582784,126.987674,,17.9,True,90.0,신호등보충,23.5,신호등보충
가상-880,,37.23441043,127.0507266,,17.9,True,90.0,신호등보충,23.5,신호등보충
가상-881,,37.2338542,127.024723,,17.9,True,80.0,신호등보충,19.0,신호등보충
가상-882,,37.23528389,127.0282254,,17.9,True,60.0,신호등보충,10.3,신호등보충
가상-883,,37.25118665,127.0240374,,17.9,True,50.0,신호등보충,6.3,신호등보충
가상-885,,37.24687115,127.036269,,17.9,True,75.0,신호등보충,16.7,신호등보충
가상-886,,37.25316938,127.0611449,,17.9,True,160.0,신호등보충,57.0,신호등보충
가상-887,,37.30836318,127.0144376,,17.9,True,153.0,신호등보충,53.6,신호등보충
가상-890,,37.28715362,127.0044,,17.9,True,90.0,신호등보충,23.5,신호등보충
가상-892,,37.27976143,126.9544433,,17.9,True,90.0,신호등보충,23.5,신호등보충
가상-893,,37.26468225,127.0771085,,17.9,True,120.0,신호등보충,37.7,신호등보충
가상-894,,37.26595183,127.0755756,,17.9,True,120.0,신호등보충,37.7,신호등보충
가상-895,,37.2359875,126.986573,,17.9,True,120.0,신호등보충,37.7,신호등보충
가상-897,,37.29400273,127.0213662,,17.9,True,90.0,신호등보충,23.5,신호등보충
가상-899,,37.27926231,127.0226088,,17.9,True,120.0,신호등보충,37.7,신호등보충
가상-901,,37.2705951,126.9371397,,17.9,True,60.0,신호등보충,10.3,신호등보충
가상-904,,37.25955862,126.955438,,17.9,True,60.0,신호등보충,10.3,신호등보충
가상-909,,37.25515484,127.042239,,17.9,True,100.0,신호등보충,28.2,신호등보충
가상-910,,37.27341721,126.950586,,17.9,True,60.0,신호등보충,10.3,신호등보충
가상-911,,37.30147654,127.051208,,17.9,True,40.0,신호등보충,3.2,신호등보충
가상-913,,37.25735422,126.9969656,,17.9,True,180.0,신호등보충,66.8,신호등보충
가상-914,,37.25629262,126.9959876,,17.9,True,180.0,신호등보충,66.8,신호등보충
가상-917,,37.27924903,126.9522437,,17.9,True,50.0,신호등보충,6.3,신호등보충
가상-918,,37.30502097,126.9682401,,17.9,True,60.0,신호등보충,10.3,신호등보충
가상-921,,37.2775019,127.0031669,,17.9,True,60.0,신호등보충,10.3,신호등보충
가상-922,,37.277536,127.0016377,,17.9,True,120.0,신호등보충,37.7,신호등보충
가상-923,,37.2775189,126.9995186,,17.9,True,120.0,신호등보충,37.7,신호등보충
가상-924,,37.27697095,126.9978736,,17.9,True,62.0,신호등보충,11.1,신호등보충
가상-925,,37.27652328,126.9965312,,17.9,True,120.0,신호등보충,37.7,신호등보충
가상-929,,37.29273403,126.9410733,,17.9,True,130.0,신호등보충,42.5,신호등보충
가상-931,,37.2659726,126.9515587,,17.9,True,160.0,신호등보충,57.0,신호등보충
가상-932,,37.27280333,127.0275434,,17.9,True,100.0,신호등보충,28.2,신호등보충
가상-935,,37.2865335,127.0192853,,17.9,True,60.0,신호등보충,10.3,신호등보충
가상-936,,37.29364901,126.990714,,17.9,True,130.0,신호등보충,42.5,신호등보충
가상-937,,37.29450411,126.9848159,,17.9,True,150.0,신호등보충,52.2,신호등보충
가상-938,,37.2675359,127.00037,,17.9,True,180.0,신호등보충,66.8,신호등보충
가상-939,,37.25125429,127.062219,,17.9,True,90.0,신호등보충,23.5,신호등보충
가상-941,,37.29223274,126.9930863,,17.9,True,110.0,신호등보충,32.9,신호등보충
가상-944,,37.3069403,127.000513,,17.9,True,180.0,신호등보충,66.8,신호등보충
가상-945,,37.29278659,127.0085554,,17.9,True,150.0,신호등보충,52.2,신호등보충
가상-946,,37.287181,127.038469,,17.9,True,90.0,신호등보충,23.5,신호등보충
가상-948,,37.26489866,127.0177218,,17.9,True,180.0,신호등보충,66.8,신호등보충
가상-951,,37.2383006,127.0469505,,17.9,True,180.0,신호등보충,66.8,신호등보충
가상-954,,37.23918466,127.031669,,17.9,True,160.0,신호등보충,57.0,신호등보충
가상-957,,37.24353335,127.0339759,,17.9,True,160.0,신호등보충,57.0,신호등보충
가상-959,,37.24040593,126.9827752,,17.9,True,120.0,신호등보충,37.7,신호등보충
가상-961,,37.27374862,127.0404001,,17.9,True,70.0,신호등보충,14.5,신호등보충
가상-962,,37.27386731,127.03986,,17.9,True,70.0,신호등보충,14.5,신호등보충
가상-968,,37.24324271,127.0567026,,17.9,True,60.0,신호등보충,10.3,신호등보충
가상-969,,37.235564,127.0477552,,17.9,True,140.0,신호등보충,47.3,신호등보충
가상-970,,37.23401549,127.0491011,,17.9,True,140.0,신호등보충,47.3,신호등보충
가상-973,,37.26818039,127.0227644,,17.9,True,180.0,신호등보충,66.8,신호등보충
가상-977,,37.239099,127.0514895,,17.9,True,180.0,신호등보충,66.8,신호등보충
가상-978,,37.285992,127.057653,,17.9,True,180.0,신호등보충,66.8,신호등보충
가상-979,,37.24040125,127.05406,,17.9,True,90.0,신호등보충,23.5,신호등보충
가상-980,,37.23918045,127.0539021,,17.9,True,180.0,신호등보충,66.8,신호등보충
가상-983,,37.2678544,126.9961339,,17.9,True,90.0,신호등보충,23.5,신호등보충
가상-984,,37.25402438,127.0265519,,17.9,True,140.0,신호등보충,47.3,신호등보충
가상-987,,37.27395483,126.9812745,,17.9,True,90.0,신호등보충,23.5,신호등보충
가상-990,,37.26348106,127.0157307,,17.9,True,180.0,신호등보충,66.8,신호등보충
가상-993,,37.242323,127.0549342,,17.9,True,180.0,신호등보충,66.8,신호등보충
가상-994,,37.27901835,127.0176108,,17.9,True,160.0,신호등보충,57.0,신호등보충
